Date,Camera,White,WhiteFactor,White3,Snow,color,age,sex,den ,area,Whiteness
7/12/16,y-s/y-b,0,1,0,0,white,,,slottet,helags,0
8/21/16,y-s/y-b,0,1,0,0,white,adult,,slottet,helags,0
8/20/15,y-r/gr-s,0,1,0,0,white,cub,male,v skaftet,helags,0
8/22/15,y-r/gr-s,0,1,0,0,white,cub,male,v skaftet,helags,0
6/23/16,y-p/gr-p,0,1,0,15,blue,,,A-6,vindelfjallen,0
6/27/16,y-p/gr-p,0,1,0,5,blue,,,A-6,vindelfjallen,0
7/9/16,y-p/gr-p,0,1,0,0,blue,,,A-6,vindelfjallen,0
8/5/16,y-p/gr-p,0,1,0,0,blue,,,A-6,vindelfjallen,0
7/17/16,y-gr/p-w,0,1,0,0,blue,adult,female,A-16,vindelfjallen,0
7/20/16,y-gr/p-w,0,1,0,0,blue,adult,female,A-16,vindelfjallen,0
7/29/16,y-gr/p-w,0,1,0,0,blue,adult,female,A-16,vindelfjallen,0
6/20/16,vakwhite3,0,1,0,0,white,,,v_ke,helags,0
8/20/15,v-y/b-v,0,1,0,0,blue,cub,female,snuse,helags,0
7/26/16,t14white2,0,1,0,0,white,,,T-14,vindelfjallen,0
8/2/16,t14white2,0,1,0,0,white,,,T-14,vindelfjallen,0
7/16/16,t14white1,0,1,0,0,white,,,T-14,vindelfjallen,0
7/17/16,t14white1,0,1,0,0,white,,,T-14,vindelfjallen,0
7/22/16,t14white1,0,1,0,0,white,,,T-14,vindelfjallen,0
8/17/15,snus3,0,1,0,0,white,cub,,snuse,helags,0
8/13/15,snus2,0,1,0,0,white,adult,male,snuse,helags,0
8/19/15,snus2,0,1,0,0,white,adult,male,snuse,helags,0
8/20/15,snus2,0,1,0,0,white,adult,male,snuse,helags,0
7/7/16,snus2,0,1,0,0,white,adult,male,snuse,helags,0
7/8/16,snus2,0,1,0,0,white,adult,male,snuse,helags,0
7/10/16,snus2,0,1,0,0,white,adult,male,snuse,helags,0
7/15/16,snus2,0,1,0,0,white,adult,male,snuse,helags,0
7/17/16,snus2,0,1,0,0,white,adult,male,snuse,helags,0
9/9/15,snus1,0,1,0,0,blue,adult,female,snuse,helags,0
7/7/16,snus1,0,1,0,0,blue,adult,female,snuse,helags,0
7/8/16,snus1,0,1,0,0,blue,adult,female,snuse,helags,0
7/9/16,snus1,0,1,0,0,blue,adult,female,snuse,helags,0
7/10/16,snus1,0,1,0,0,blue,adult,female,snuse,helags,0
7/11/16,snus1,0,1,0,0,blue,adult,female,snuse,helags,0
7/12/16,snus1,0,1,0,0,blue,adult,female,snuse,helags,0
7/21/16,r5blue1,0,1,0,0,blue,,,R-5,vindelfjallen,0
8/19/16,r5blue1,0,1,0,0,blue,adult,,R-5,vindelfjallen,0
7/20/16,r3white2,0,1,0,0,white,,,R-3,vindelfjallen,0
7/9/16,r3white1,0,1,0,0,white,,,R-3,vindelfjallen,0
7/10/16,r3white1,0,1,0,0,white,,,R-3,vindelfjallen,0
7/12/16,r3white1,0,1,0,0,white,,,R-3,vindelfjallen,0
7/14/16,r3white1,0,1,0,0,white,,,R-3,vindelfjallen,0
7/15/16,r3white1,0,1,0,0,white,,,R-3,vindelfjallen,0
7/17/16,r3white1,0,1,0,0,white,,,R-3,vindelfjallen,0
7/22/16,r3white1,0,1,0,0,white,,,R-3,vindelfjallen,0
7/28/16,r3white1,0,1,0,0,white,,,R-3,vindelfjallen,0
8/1/16,r3white1,0,1,0,0,white,,,R-3,vindelfjallen,0
8/4/16,r3white1,0,1,0,0,white,,,R-3,vindelfjallen,0
8/30/16,r3blue1,0,1,0,0,blue,adult,,R-3,vindelfjallen,0
8/21/16,r11blue1,0,1,0,0,blue,adult,,R-11,vindelfjallen,0
8/15/15,r-p/b-gr,0,1,0,0,white,cub,female,slottet,helags,0
8/18/15,r-p/b-gr,0,1,0,0,white,cub,female,slottet,helags,0
8/19/15,r-p/b-gr,0,1,0,0,white,cub,female,slottet,helags,0
8/20/15,r-p/b-gr,0,1,0,0,white,cub,female,slottet,helags,0
7/3/16,r-p/b-gr,0,1,0,0,white,cub,female,slottet,helags,0
8/16/15,r-gr/o-r,0,1,0,0,white,cub,female,slottet,helags,0
6/19/16,p-y/r-y,0,1,0,0,white,adult,male,R-11,vindelfjallen,0
6/20/16,p-y/r-y,0,1,0,5,white,adult,male,R-11,vindelfjallen,0
6/22/16,p-y/r-y,0,1,0,0,white,adult,male,R-11,vindelfjallen,0
6/23/16,p-y/r-y,0,1,0,0,white,adult,male,R-11,vindelfjallen,0
6/24/16,p-y/r-y,0,1,0,0,white,adult,male,R-11,vindelfjallen,0
6/25/16,p-y/r-y,0,1,0,0,white,adult,male,R-11,vindelfjallen,0
6/29/16,p-y/r-y,0,1,0,0,white,adult,male,R-11,vindelfjallen,0
6/30/16,p-y/r-y,0,1,0,0,white,adult,male,R-11,vindelfjallen,0
7/2/16,p-y/r-y,0,1,0,0,white,adult,male,R-11,vindelfjallen,0
7/3/16,p-y/r-y,0,1,0,0,white,adult,male,R-11,vindelfjallen,0
7/5/16,p-y/r-y,0,1,0,0,white,adult,male,R-11,vindelfjallen,0
7/7/16,p-y/r-y,0,1,0,0,white,adult,male,R-11,vindelfjallen,0
7/8/16,p-y/r-y,0,1,0,0,white,adult,male,R-11,vindelfjallen,0
8/20/15,p-r/b-r,0,1,0,0,white,cub,female,v skaftet,helags,0
8/22/15,p-r/b-r,0,1,0,0,white,cub,female,v skaftet,helags,0
8/23/15,p-r/b-r,0,1,0,0,white,cub,female,v skaftet,helags,0
8/30/15,p-r/b-r,0,1,0,0,white,cub,female,v skaftet,helags,0
7/19/16,p-r/b-b,0,1,0,0,blue,cub,female,A-6,vindelfjallen,0
7/22/16,p-r/b-b,0,1,0,0,blue,cub,female,A-6,vindelfjallen,0
7/24/16,p-r/b-b,0,1,0,0,blue,cub,female,A-6,vindelfjallen,0
8/5/16,p-r/b-b,0,1,0,0,blue,adult,female,A-6,vindelfjallen,0
8/19/15,p-p/r-r,0,1,0,0,white,cub,female,snuse,helags,0
8/22/15,p-p/r-b,0,1,0,0,white,cub,female,slottet,helags,0
8/29/15,p-p/r-b,0,1,0,0,white,cub,female,slottet,helags,0
8/30/15,p-p/r-b,0,1,0,0,white,cub,female,slottet,helags,0
8/11/16,p-o/y-gr,0,1,0,0,white,adult,male,R-3,vindelfjallen,0
8/12/16,p-o/y-gr,0,1,0,0,white,adult,male,R-3,vindelfjallen,0
7/18/16,Nv4,0,1,0,0,blue,,,nv skaftet,helags,0
7/24/16,Nv4,0,1,0,0,blue,,,nv skaftet,helags,0
7/30/16,Nv4,0,1,0,0,blue,,,nv skaftet,helags,0
8/2/16,Nv4,0,1,0,0,blue,,,nv skaftet,helags,0
8/4/16,Nv4,0,1,0,0,blue,,,nv skaftet,helags,0
8/4/16,Nv3,0,1,0,0,blue,,,nv skaftet,helags,0
8/5/16,Nv3,0,1,0,0,blue,,,nv skaftet,helags,0
8/12/15,Nv1,0,1,0,0,white,adult,,nv skaftet,helags,0
8/14/15,Nv1,0,1,0,0,white,adult,,nv skaftet,helags,0
8/16/15,Nv1,0,1,0,0,white,adult,,nv skaftet,helags,0
8/17/15,Nv1,0,1,0,0,white,adult,,nv skaftet,helags,0
8/13/15,gr-gr/y-b,0,1,0,0,white,cub,male,snuse,helags,0
8/20/15,gr-gr/y-b,0,1,0,0,white,cub,male,snuse,helags,0
7/30/16,Ek2,0,1,0,0,white,,,ekorrd_rren,helags,0
8/3/16,Ek2,0,1,0,0,white,,,ekorrd_rren,helags,0
8/4/16,Ek2,0,1,0,0,white,,,ekorrd_rren,helags,0
7/17/16,Ek1,0,1,0,0,white,,,ekorrd_rren,helags,0
7/20/16,Ek1,0,1,0,0,white,,,ekorrd_rren,helags,0
7/21/16,Ek1,0,1,0,0,white,,,ekorrd_rren,helags,0
7/24/16,Ek1,0,1,0,0,white,,,ekorrd_rren,helags,0
7/26/16,Ek1,0,1,0,0,white,,,ekorrd_rren,helags,0
7/28/16,Ek1,0,1,0,0,white,,,ekorrd_rren,helags,0
7/30/16,Ek1,0,1,0,0,white,,,ekorrd_rren,helags,0
7/31/16,Ek1,0,1,0,0,white,,,ekorrd_rren,helags,0
8/1/16,Ek1,0,1,0,0,white,,,ekorrd_rren,helags,0
8/2/16,Ek1,0,1,0,0,white,,,ekorrd_rren,helags,0
8/3/16,Ek1,0,1,0,0,white,,,ekorrd_rren,helags,0
8/4/16,Ek1,0,1,0,0,white,,,ekorrd_rren,helags,0
8/10/16,Ek1,0,1,0,0,white,adult,,ekorrd_rren,helags,0
8/16/16,Ek1,0,1,0,0,white,adult,,ekorrd_rren,helags,0
8/22/15,b-y/gr-p,0,1,0,0,blue,cub,female,snuse,helags,0
9/5/15,b-y/gr-p,0,1,0,0,blue,cub,female,snuse,helags,0
8/19/15,b-r/r-gr,0,1,0,0,white,cub,female,snuse,helags,0
8/21/15,b-r/r-gr,0,1,0,0,white,cub,female,snuse,helags,0
8/22/15,b-p/y-s,0,1,0,0,white,cub,male,v skaftet,helags,0
8/26/15,b-p/y-s,0,1,0,0,white,cub,male,v skaftet,helags,0
8/3/16,a6white1,0,1,0,0,white,,,A-6,vindelfjallen,0
8/6/16,a6white1,0,1,0,0,white,,,A-6,vindelfjallen,0
8/3/16,a6blue1,0,1,0,0,blue,,,A-6,vindelfjallen,0
7/25/16,a16blue1,0,1,0,0,blue,,,A-16,vindelfjallen,0
7/28/16,a16blue1,0,1,0,0,blue,,,A-16,vindelfjallen,0
8/1/16,a16blue1,0,1,0,0,blue,,,A-16,vindelfjallen,0
7/5/16,y-s/y-b,5,2,50,0,white,,,slottet,helags,5
8/30/15,y-r/gr-s,5,2,50,0,white,cub,male,v skaftet,helags,5
8/31/15,y-r/gr-s,5,2,50,0,white,cub,male,v skaftet,helags,5
9/1/15,y-r/gr-s,5,2,50,0,white,cub,male,v skaftet,helags,5
6/10/16,y-p/gr-p,5,2,50,60,blue,,,A-6,vindelfjallen,0
6/15/16,y-p/gr-p,5,2,50,40,blue,,,A-6,vindelfjallen,0
6/16/16,y-p/gr-p,5,2,50,40,blue,,,A-6,vindelfjallen,0
6/17/16,y-p/gr-p,5,2,50,40,blue,,,A-6,vindelfjallen,0
6/28/16,y-gr/y-b,5,2,50,0,white,adult,female,slottet,helags,5
7/1/16,y-gr/y-b,5,2,50,0,white,adult,female,slottet,helags,5
7/9/16,y-gr/y-b,5,2,50,0,white,adult,female,slottet,helags,5
8/22/16,y-gr/y-b,5,2,50,0,white,adult,female,slottet,helags,5
9/2/16,y-gr/y-b,5,2,50,0,white,adult,female,slottet,helags,5
9/3/16,y-gr/y-b,5,2,50,0,white,adult,female,slottet,helags,5
9/5/16,y-gr/y-b,5,2,50,0,white,adult,female,slottet,helags,5
6/29/16,y-gr/p-w,5,2,50,0,blue,adult,female,A-16,vindelfjallen,0
9/10/16,y-gr/p-w,5,2,50,0,blue,adult,female,A-16,vindelfjallen,0
7/9/16,Vs2,5,2,50,0,blue,,,v skaftet,helags,0
6/23/16,Vs1,5,2,50,0,blue,,,v skaftet,helags,0
6/26/16,Vs1,5,2,50,0,blue,,,v skaftet,helags,0
6/29/16,Vs1,5,2,50,0,blue,,,v skaftet,helags,0
7/9/16,Vs1,5,2,50,0,blue,,,v skaftet,helags,0
7/10/16,Vs1,5,2,50,0,blue,,,v skaftet,helags,0
6/16/16,vakwhite3,5,2,50,0,white,,,v_ke,helags,5
9/4/15,v-y/b-v,5,2,50,0,blue,cub,female,snuse,helags,0
9/9/15,v-y/b-v,5,2,50,0,blue,cub,female,snuse,helags,0
7/22/16,t14white2,5,2,50,0,white,,,T-14,vindelfjallen,5
7/24/16,t14white2,5,2,50,0,white,,,T-14,vindelfjallen,5
9/3/16,t14white2,5,2,50,0,white,adult,,T-14,vindelfjallen,5
9/12/16,t14white2,5,2,50,0,white,adult,,T-14,vindelfjallen,5
9/15/16,t14white2,5,2,50,0,white,adult,,T-14,vindelfjallen,5
6/28/16,t14white1,5,2,50,0,white,,,T-14,vindelfjallen,5
8/18/16,t14white1,5,2,50,0,white,adult,,T-14,vindelfjallen,5
8/23/15,snus3,5,2,50,0,white,cub,,snuse,helags,5
9/9/15,snus3,5,2,50,0,white,cub,,snuse,helags,5
9/11/15,snus3,5,2,50,0,white,cub,,snuse,helags,5
6/28/16,snus2,5,2,50,0,white,adult,male,snuse,helags,5
7/3/16,snus2,5,2,50,0,white,adult,male,snuse,helags,5
7/4/16,snus2,5,2,50,0,white,adult,male,snuse,helags,5
7/9/16,r3white2,5,2,50,0,white,,,R-3,vindelfjallen,5
7/12/16,r3white2,5,2,50,0,white,,,R-3,vindelfjallen,5
7/13/16,r3white2,5,2,50,0,white,,,R-3,vindelfjallen,5
7/14/16,r3white2,5,2,50,0,white,,,R-3,vindelfjallen,5
7/18/16,r3white2,5,2,50,0,white,,,R-3,vindelfjallen,5
8/27/16,r3white2,5,2,50,0,white,adult,,R-3,vindelfjallen,5
9/3/16,r3white2,5,2,50,0,white,adult,,R-3,vindelfjallen,5
7/1/16,r3white1,5,2,50,0,white,,,R-3,vindelfjallen,5
7/6/16,r3white1,5,2,50,0,white,,,R-3,vindelfjallen,5
7/7/16,r3white1,5,2,50,0,white,,,R-3,vindelfjallen,5
8/10/16,r3white1,5,2,50,0,white,adult,,R-3,vindelfjallen,5
8/11/16,r3white1,5,2,50,0,white,adult,,R-3,vindelfjallen,5
8/12/16,r3white1,5,2,50,0,white,adult,,R-3,vindelfjallen,5
8/13/16,r3white1,5,2,50,0,white,adult,,R-3,vindelfjallen,5
8/15/16,r3white1,5,2,50,0,white,adult,,R-3,vindelfjallen,5
8/16/16,r3white1,5,2,50,0,white,adult,,R-3,vindelfjallen,5
8/17/16,r3white1,5,2,50,0,white,adult,,R-3,vindelfjallen,5
8/21/16,r3white1,5,2,50,0,white,adult,,R-3,vindelfjallen,5
8/22/16,r3white1,5,2,50,0,white,adult,,R-3,vindelfjallen,5
8/23/16,r3white1,5,2,50,0,white,adult,,R-3,vindelfjallen,5
8/24/16,r3white1,5,2,50,0,white,adult,,R-3,vindelfjallen,5
8/26/16,r3white1,5,2,50,0,white,adult,,R-3,vindelfjallen,5
9/3/16,r3white1,5,2,50,0,white,adult,,R-3,vindelfjallen,5
9/5/16,r3blue1,5,2,50,0,blue,adult,,R-3,vindelfjallen,0
9/8/16,r3blue1,5,2,50,0,blue,adult,,R-3,vindelfjallen,0
7/9/16,r11white2,5,2,50,0,white,adult,female,R-11,vindelfjallen,5
7/10/16,r11white2,5,2,50,0,white,adult,female,R-11,vindelfjallen,5
7/11/16,r11white2,5,2,50,0,white,adult,female,R-11,vindelfjallen,5
7/12/16,r11white2,5,2,50,0,white,adult,female,R-11,vindelfjallen,5
9/2/16,r-y/p-s,5,2,50,0,white,adult,male,slottet,helags,5
9/8/16,r-y/p-s,5,2,50,0,white,adult,male,slottet,helags,5
8/22/15,r-p/b-gr,5,2,50,0,white,cub,female,slottet,helags,5
8/28/15,r-p/b-gr,5,2,50,0,white,cub,female,slottet,helags,5
9/1/15,r-p/b-gr,5,2,50,0,white,cub,female,slottet,helags,5
9/3/15,r-p/b-gr,5,2,50,0,white,cub,female,slottet,helags,5
6/21/16,r-p/b-gr,5,2,50,0,white,cub,female,slottet,helags,5
6/23/16,r-p/b-gr,5,2,50,0,white,cub,female,slottet,helags,5
6/27/16,r-p/b-gr,5,2,50,0,white,cub,female,slottet,helags,5
6/28/16,r-p/b-gr,5,2,50,0,white,cub,female,slottet,helags,5
7/1/16,r-p/b-gr,5,2,50,0,white,cub,female,slottet,helags,5
7/3/16,r-p/b-gr,5,2,50,0,white,cub,female,slottet,helags,5
8/17/15,r-gr/o-r,5,2,50,0,white,cub,female,slottet,helags,5
8/20/15,r-gr/o-r,5,2,50,0,white,cub,female,slottet,helags,5
8/21/15,r-gr/o-r,5,2,50,0,white,cub,female,slottet,helags,5
8/27/15,r-gr/o-r,5,2,50,0,white,cub,female,slottet,helags,5
8/29/15,r-gr/o-r,5,2,50,0,white,cub,female,slottet,helags,5
8/30/15,r-gr/o-r,5,2,50,0,white,cub,female,slottet,helags,5
8/31/15,r-gr/o-r,5,2,50,0,white,cub,female,slottet,helags,5
9/1/15,r-gr/o-r,5,2,50,0,white,cub,female,slottet,helags,5
9/18/15,p-y/y-w,5,2,50,0,blue,adult,female,A-16,vindelfjallen,0
9/22/15,p-y/y-w,5,2,50,0,blue,adult,female,A-16,vindelfjallen,0
9/24/15,p-y/y-w,5,2,50,0,blue,adult,female,A-16,vindelfjallen,0
10/2/15,p-y/y-w,5,2,50,0,blue,adult,female,A-16,vindelfjallen,0
6/7/16,p-y/r-y,5,2,50,25,white,adult,male,R-11,vindelfjallen,5
6/9/16,p-y/r-y,5,2,50,30,white,adult,male,R-11,vindelfjallen,5
6/10/16,p-y/r-y,5,2,50,25,white,adult,male,R-11,vindelfjallen,5
6/11/16,p-y/r-y,5,2,50,20,white,adult,male,R-11,vindelfjallen,5
6/13/16,p-y/r-y,5,2,50,15,white,adult,male,R-11,vindelfjallen,5
6/14/16,p-y/r-y,5,2,50,30,white,adult,male,R-11,vindelfjallen,5
6/16/16,p-y/r-y,5,2,50,10,white,adult,male,R-11,vindelfjallen,5
6/17/16,p-y/r-y,5,2,50,5,white,adult,male,R-11,vindelfjallen,5
6/18/16,p-y/r-y,5,2,50,0,white,adult,male,R-11,vindelfjallen,5
9/4/15,p-r/b-r,5,2,50,0,white,cub,female,v skaftet,helags,5
9/10/15,p-r/b-r,5,2,50,0,white,cub,female,v skaftet,helags,5
6/26/16,p-r/b-b,5,2,50,10,blue,cub,female,A-6,vindelfjallen,0
6/29/16,p-r/b-b,5,2,50,0,blue,cub,female,A-6,vindelfjallen,0
7/4/16,p-r/b-b,5,2,50,0,blue,cub,female,A-6,vindelfjallen,0
7/5/16,p-r/b-b,5,2,50,0,blue,cub,female,A-6,vindelfjallen,0
9/5/16,p-r/b-b,5,2,50,0,blue,adult,female,A-6,vindelfjallen,0
9/7/16,p-r/b-b,5,2,50,0,blue,adult,female,A-6,vindelfjallen,0
8/21/15,p-p/r-r,5,2,50,0,white,cub,female,snuse,helags,5
8/31/15,p-p/r-b,5,2,50,0,white,cub,female,slottet,helags,5
9/1/15,p-p/r-b,5,2,50,0,white,cub,female,slottet,helags,5
9/2/15,p-p/r-b,5,2,50,0,white,cub,female,slottet,helags,5
9/4/15,p-p/r-b,5,2,50,0,white,cub,female,slottet,helags,5
7/24/16,p-o/y-gr,5,2,50,0,white,cub,male,R-3,vindelfjallen,5
8/31/16,p-gr/r-p,5,2,50,0,white,cub,female,hulke,helags,5
9/1/16,p-gr/r-p,5,2,50,0,white,cub,female,hulke,helags,5
9/5/16,p-gr/r-p,5,2,50,0,white,cub,female,hulke,helags,5
9/6/16,p-gr/r-p,5,2,50,0,white,cub,female,hulke,helags,5
9/8/16,p-gr/r-p,5,2,50,0,white,cub,female,hulke,helags,5
9/10/16,p-gr/r-p,5,2,50,0,white,cub,female,hulke,helags,5
9/11/16,p-gr/r-p,5,2,50,0,white,cub,female,hulke,helags,5
9/13/16,p-gr/r-p,5,2,50,0,white,cub,female,hulke,helags,5
9/14/16,p-gr/r-p,5,2,50,0,white,cub,female,hulke,helags,5
9/15/16,p-gr/r-p,5,2,50,0,white,cub,female,hulke,helags,5
9/17/16,p-gr/r-p,5,2,50,0,white,cub,female,hulke,helags,5
9/18/16,p-gr/r-p,5,2,50,0,white,cub,female,hulke,helags,5
7/2/16,Nv4,5,2,50,0,blue,,,nv skaftet,helags,0
7/6/16,Nv4,5,2,50,0,blue,,,nv skaftet,helags,0
7/19/16,Nv3,5,2,50,0,blue,,,nv skaftet,helags,0
7/21/16,Nv3,5,2,50,0,blue,,,nv skaftet,helags,0
7/22/16,Nv3,5,2,50,0,blue,,,nv skaftet,helags,0
7/23/16,Nv3,5,2,50,0,blue,,,nv skaftet,helags,0
7/26/16,Nv3,5,2,50,0,blue,,,nv skaftet,helags,0
7/28/16,Nv3,5,2,50,0,blue,,,nv skaftet,helags,0
7/30/16,Nv3,5,2,50,0,blue,,,nv skaftet,helags,0
7/31/16,Nv3,5,2,50,0,blue,,,nv skaftet,helags,0
8/1/16,Nv3,5,2,50,0,blue,,,nv skaftet,helags,0
9/9/15,Nv1,5,2,50,0,white,adult,,nv skaftet,helags,5
9/11/15,Nv1,5,2,50,0,white,adult,,nv skaftet,helags,5
9/14/15,Nv1,5,2,50,0,white,adult,,nv skaftet,helags,5
9/2/16,gr-r/y-b,5,2,50,0,white,adult,female,hulke,helags,5
9/8/16,gr-r/y-b,5,2,50,0,white,adult,female,hulke,helags,5
9/10/16,gr-r/y-b,5,2,50,0,white,adult,female,hulke,helags,5
8/22/15,gr-gr/y-b,5,2,50,0,white,cub,male,snuse,helags,5
9/3/15,gr-gr/y-b,5,2,50,0,white,cub,male,snuse,helags,5
7/27/16,Ek2,5,2,50,0,white,,,ekorrd_rren,helags,5
9/1/16,Ek2,5,2,50,0,white,adult,,ekorrd_rren,helags,5
9/2/16,Ek2,5,2,50,0,white,adult,,ekorrd_rren,helags,5
9/3/16,Ek2,5,2,50,0,white,adult,,ekorrd_rren,helags,5
9/5/16,Ek2,5,2,50,0,white,adult,,ekorrd_rren,helags,5
9/14/16,Ek2,5,2,50,0,white,adult,,ekorrd_rren,helags,5
6/28/16,Ek1,5,2,50,0,white,,,ekorrd_rren,helags,5
6/30/16,Ek1,5,2,50,0,white,,,ekorrd_rren,helags,5
7/1/16,Ek1,5,2,50,0,white,,,ekorrd_rren,helags,5
7/2/16,Ek1,5,2,50,0,white,,,ekorrd_rren,helags,5
7/4/16,Ek1,5,2,50,0,white,,,ekorrd_rren,helags,5
7/6/16,Ek1,5,2,50,0,white,,,ekorrd_rren,helags,5
7/8/16,Ek1,5,2,50,0,white,,,ekorrd_rren,helags,5
7/9/16,Ek1,5,2,50,0,white,,,ekorrd_rren,helags,5
7/10/16,Ek1,5,2,50,0,white,,,ekorrd_rren,helags,5
7/12/16,Ek1,5,2,50,0,white,,,ekorrd_rren,helags,5
7/13/16,Ek1,5,2,50,0,white,,,ekorrd_rren,helags,5
8/22/16,Ek1,5,2,50,0,white,adult,,ekorrd_rren,helags,5
8/24/16,Ek1,5,2,50,0,white,adult,,ekorrd_rren,helags,5
8/29/16,Ek1,5,2,50,0,white,adult,,ekorrd_rren,helags,5
8/31/16,Ek1,5,2,50,0,white,adult,,ekorrd_rren,helags,5
9/3/16,Ek1,5,2,50,0,white,adult,,ekorrd_rren,helags,5
9/4/16,Ek1,5,2,50,0,white,adult,,ekorrd_rren,helags,5
9/5/16,Ek1,5,2,50,0,white,adult,,ekorrd_rren,helags,5
9/6/16,Ek1,5,2,50,0,white,adult,,ekorrd_rren,helags,5
9/8/16,Ek1,5,2,50,0,white,adult,,ekorrd_rren,helags,5
9/9/16,Ek1,5,2,50,0,white,adult,,ekorrd_rren,helags,5
9/9/15,b-y/gr-p,5,2,50,0,blue,cub,female,snuse,helags,0
7/31/16,b-s/r-s,5,2,50,0,white,adult,male,R-5,vindelfjallen,5
8/19/16,b-s/r-s,5,2,50,0,white,adult,male,R-5,vindelfjallen,5
8/23/15,b-r/gr-y,5,2,50,0,white,cub,female,snuse,helags,5
9/9/15,b-r/gr-y,5,2,50,0,white,cub,female,snuse,helags,5
8/30/15,b-p/y-s,5,2,50,0,white,cub,male,v skaftet,helags,5
9/8/15,b-p/y-s,5,2,50,0,white,cub,male,v skaftet,helags,5
9/10/15,b-p/y-s,5,2,50,0,white,cub,male,v skaftet,helags,5
8/31/16,b-p/r-gr,5,2,50,0,white,cub,female,hulke,helags,5
9/5/16,b-p/r-gr,5,2,50,0,white,cub,female,hulke,helags,5
9/6/16,b-p/r-gr,5,2,50,0,white,cub,female,hulke,helags,5
8/31/16,b-gr/p-gr,5,2,50,0,white,cub,male,hulke,helags,5
9/1/16,b-gr/p-gr,5,2,50,0,white,cub,male,hulke,helags,5
9/5/16,b-gr/p-gr,5,2,50,0,white,cub,male,hulke,helags,5
9/6/16,b-gr/p-gr,5,2,50,0,white,cub,male,hulke,helags,5
7/16/16,a6white2,5,2,50,0,white,,,A-6,vindelfjallen,5
7/21/16,a6white2,5,2,50,0,white,,,A-6,vindelfjallen,5
7/8/16,a6white1,5,2,50,0,white,,,A-6,vindelfjallen,5
7/12/16,a6white1,5,2,50,0,white,,,A-6,vindelfjallen,5
7/15/16,a6white1,5,2,50,0,white,,,A-6,vindelfjallen,5
8/26/16,a6white1,5,2,50,0,white,adult,,A-6,vindelfjallen,5
9/3/16,a6white1,5,2,50,0,white,adult,,A-6,vindelfjallen,5
7/10/16,a6blue1,5,2,50,0,blue,,,A-6,vindelfjallen,0
7/13/16,a6blue1,5,2,50,0,blue,,,A-6,vindelfjallen,0
7/15/16,a6blue1,5,2,50,0,blue,,,A-6,vindelfjallen,0
8/29/16,a6blue1,5,2,50,0,blue,adult,,A-6,vindelfjallen,0
9/9/16,a6blue1,5,2,50,0,blue,adult,,A-6,vindelfjallen,0
6/6/16,y-s/y-b,25,3,50,0,white,,,slottet,helags,25
6/14/16,y-s/y-b,25,3,50,0,white,,,slottet,helags,25
6/15/16,y-s/y-b,25,3,50,0,white,,,slottet,helags,25
6/16/16,y-s/y-b,25,3,50,0,white,,,slottet,helags,25
6/17/16,y-s/y-b,25,3,50,0,white,,,slottet,helags,25
6/23/16,y-s/y-b,25,3,50,0,white,,,slottet,helags,25
6/24/16,y-s/y-b,25,3,50,0,white,,,slottet,helags,25
6/25/16,y-s/y-b,25,3,50,0,white,,,slottet,helags,25
7/1/16,y-s/y-b,25,3,50,0,white,,,slottet,helags,25
6/25/16,y-r/p-r,25,3,50,10,blue,,,A-6,vindelfjallen,0
9/10/15,y-r/gr-s,25,3,50,0,white,cub,male,v skaftet,helags,25
6/3/16,y-p/gr-p,25,3,50,80,blue,,,A-6,vindelfjallen,0
6/6/16,y-p/gr-p,25,3,50,70,blue,,,A-6,vindelfjallen,0
6/9/16,y-p/gr-p,25,3,50,70,blue,,,A-6,vindelfjallen,0
6/14/16,y-gr/y-b,25,3,50,0,white,adult,female,slottet,helags,25
6/18/16,y-gr/y-b,25,3,50,0,white,adult,female,slottet,helags,25
6/21/16,y-gr/y-b,25,3,50,0,white,adult,female,slottet,helags,25
6/23/16,y-gr/y-b,25,3,50,0,white,adult,female,slottet,helags,25
6/24/16,y-gr/y-b,25,3,50,0,white,adult,female,slottet,helags,25
9/9/16,y-gr/y-b,25,3,50,0,white,adult,female,slottet,helags,25
6/22/16,y-gr/p-w,25,3,50,0,blue,adult,female,A-16,vindelfjallen,0
6/25/16,y-gr/p-w,25,3,50,0,blue,adult,female,A-16,vindelfjallen,0
6/23/16,Vs2,25,3,50,0,blue,,,v skaftet,helags,0
6/24/16,Vs2,25,3,50,0,blue,,,v skaftet,helags,0
6/25/16,Vs2,25,3,50,0,blue,,,v skaftet,helags,0
6/28/16,Vs2,25,3,50,0,blue,,,v skaftet,helags,0
6/29/16,Vs2,25,3,50,0,blue,,,v skaftet,helags,0
7/4/16,Vs2,25,3,50,0,blue,,,v skaftet,helags,0
6/21/16,Vs1,25,3,50,0,blue,,,v skaftet,helags,0
6/3/16,vakwhite3,25,3,50,15,white,,,v_ke,helags,25
6/5/16,vakwhite3,25,3,50,10,white,,,v_ke,helags,25
6/11/16,vakwhite3,25,3,50,5,white,,,v_ke,helags,25
6/13/16,vakwhite3,25,3,50,0,white,,,v_ke,helags,25
6/20/16,vakwhite1,25,3,50,0,white,,,v_ke,helags,25
9/10/16,t8white1,25,3,50,0,white,adult,,T-8,vindelfjallen,25
9/12/16,t8white1,25,3,50,0,white,adult,,T-8,vindelfjallen,25
7/11/16,t14white2,25,3,50,0,white,,,T-14,vindelfjallen,25
7/16/16,t14white2,25,3,50,0,white,,,T-14,vindelfjallen,25
7/19/16,t14white2,25,3,50,0,white,,,T-14,vindelfjallen,25
7/20/16,t14white2,25,3,50,0,white,,,T-14,vindelfjallen,25
6/23/16,t14white1,25,3,50,0,white,,,T-14,vindelfjallen,25
6/26/16,t14white1,25,3,50,0,white,,,T-14,vindelfjallen,25
6/27/16,t14white1,25,3,50,0,white,,,T-14,vindelfjallen,25
9/15/16,t14white1,25,3,50,0,white,adult,,T-14,vindelfjallen,25
6/12/16,snus2,25,3,50,15,white,adult,male,snuse,helags,25
6/15/16,snus2,25,3,50,15,white,adult,male,snuse,helags,25
6/16/16,snus2,25,3,50,10,white,adult,male,snuse,helags,25
6/27/16,snus1,25,3,50,0,blue,adult,female,snuse,helags,0
6/30/16,snus1,25,3,50,0,blue,adult,female,snuse,helags,0
7/4/16,snus1,25,3,50,0,blue,adult,female,snuse,helags,0
7/2/16,r5blue1,25,3,50,0,blue,,,R-5,vindelfjallen,0
7/4/16,r3white2,25,3,50,0,white,,,R-3,vindelfjallen,25
9/10/16,r3white2,25,3,50,0,white,adult,,R-3,vindelfjallen,25
9/15/16,r3white2,25,3,50,0,white,adult,,R-3,vindelfjallen,25
6/25/16,r3white1,25,3,50,0,white,,,R-3,vindelfjallen,25
9/5/16,r3white1,25,3,50,0,white,adult,,R-3,vindelfjallen,25
9/8/16,r3white1,25,3,50,0,white,adult,,R-3,vindelfjallen,25
9/10/16,r3white1,25,3,50,0,white,adult,,R-3,vindelfjallen,25
9/12/16,r3white1,25,3,50,0,white,adult,,R-3,vindelfjallen,25
9/18/16,r3white1,25,3,50,0,white,adult,,R-3,vindelfjallen,25
6/28/16,r11white2,25,3,50,0,white,adult,female,R-11,vindelfjallen,25
6/29/16,r11white2,25,3,50,0,white,adult,female,R-11,vindelfjallen,25
6/30/16,r11white2,25,3,50,0,white,adult,female,R-11,vindelfjallen,25
7/1/16,r11white2,25,3,50,0,white,adult,female,R-11,vindelfjallen,25
7/4/16,r11white2,25,3,50,0,white,adult,female,R-11,vindelfjallen,25
7/5/16,r11white2,25,3,50,0,white,adult,female,R-11,vindelfjallen,25
7/6/16,r11white2,25,3,50,0,white,adult,female,R-11,vindelfjallen,25
7/7/16,r11white2,25,3,50,0,white,adult,female,R-11,vindelfjallen,25
7/8/16,r11white2,25,3,50,0,white,adult,female,R-11,vindelfjallen,25
9/15/16,r11white2,25,3,50,0,white,adult,female,R-11,vindelfjallen,25
7/3/16,r11blue1,25,3,50,0,blue,,,R-11,vindelfjallen,0
9/4/15,r-p/b-gr,25,3,50,0,white,cub,female,slottet,helags,25
9/11/15,r-p/b-gr,25,3,50,0,white,cub,female,slottet,helags,25
6/9/16,r-p/b-gr,25,3,50,95,white,cub,female,slottet,helags,25
6/11/16,r-p/b-gr,25,3,50,25,white,cub,female,slottet,helags,25
6/12/16,r-p/b-gr,25,3,50,0,white,cub,female,slottet,helags,25
6/13/16,r-p/b-gr,25,3,50,0,white,cub,female,slottet,helags,25
6/14/16,r-p/b-gr,25,3,50,0,white,cub,female,slottet,helags,25
6/14/16,r-p/b-gr,25,3,50,0,white,cub,female,slottet,helags,25
6/19/16,r-p/b-gr,25,3,50,0,white,cub,female,slottet,helags,25
9/29/15,r-gr/r-s,25,3,50,0,white,cub,male,v_ke,helags,25
10/3/15,r-gr/r-s,25,3,50,0,white,cub,male,v_ke,helags,25
6/4/16,p-y/r-y,25,3,50,40,white,adult,male,R-11,vindelfjallen,25
6/5/16,p-y/r-y,25,3,50,40,white,adult,male,R-11,vindelfjallen,25
9/29/15,p-y/p-y,25,3,50,0,white,cub,male,v_ke,helags,25
9/15/16,p-r/r-y,25,3,50,0,white,adult,female,R-11,vindelfjallen,25
6/16/16,p-r/b-b,25,3,50,40,blue,cub,female,A-6,vindelfjallen,0
6/17/16,p-r/b-b,25,3,50,40,blue,cub,female,A-6,vindelfjallen,0
6/18/16,p-r/b-b,25,3,50,20,blue,cub,female,A-6,vindelfjallen,0
9/19/16,p-gr/r-p,25,3,50,0,white,cub,female,hulke,helags,25
7/1/16,Nv3,25,3,50,0,blue,,,nv skaftet,helags,0
7/2/16,Nv3,25,3,50,0,blue,,,nv skaftet,helags,0
7/3/16,Nv3,25,3,50,0,blue,,,nv skaftet,helags,0
7/5/16,Nv3,25,3,50,0,blue,,,nv skaftet,helags,0
7/8/16,Nv3,25,3,50,0,blue,,,nv skaftet,helags,0
9/16/15,Nv1,25,3,50,0,white,adult,,nv skaftet,helags,25
9/19/15,Nv1,25,3,50,0,white,adult,,nv skaftet,helags,25
9/13/16,gr-r/y-p,25,3,50,0,white,adult,female,T-8,vindelfjallen,25
9/14/16,gr-r/y-p,25,3,50,0,white,adult,female,T-8,vindelfjallen,25
9/15/16,gr-r/y-b,25,3,50,0,white,adult,female,hulke,helags,25
7/17/16,Ek2,25,3,50,0,white,,,ekorrd_rren,helags,25
7/20/16,Ek2,25,3,50,0,white,,,ekorrd_rren,helags,25
9/16/16,Ek2,25,3,50,0,white,adult,,ekorrd_rren,helags,25
6/19/16,Ek1,25,3,50,0,white,,,ekorrd_rren,helags,25
6/20/16,Ek1,25,3,50,5,white,,,ekorrd_rren,helags,25
6/24/16,Ek1,25,3,50,0,white,,,ekorrd_rren,helags,25
6/27/16,Ek1,25,3,50,0,white,,,ekorrd_rren,helags,25
9/16/16,Ek1,25,3,50,0,white,adult,,ekorrd_rren,helags,25
9/18/16,Ek1,25,3,50,0,white,adult,,ekorrd_rren,helags,25
7/22/16,b-y/gr-o,25,3,50,0,white,cub,female,T-8,vindelfjallen,25
9/13/16,b-y/gr-o,25,3,50,0,white,adult,female,T-8,vindelfjallen,25
7/12/16,b-s/r-s,25,3,50,0,white,adult,male,R-5,vindelfjallen,25
7/15/16,b-s/r-s,25,3,50,0,white,adult,male,R-5,vindelfjallen,25
7/20/16,b-s/r-s,25,3,50,0,white,adult,male,R-5,vindelfjallen,25
7/21/16,b-s/r-s,25,3,50,0,white,adult,male,R-5,vindelfjallen,25
7/23/16,b-s/r-s,25,3,50,0,white,adult,male,R-5,vindelfjallen,25
7/24/16,b-s/r-s,25,3,50,0,white,adult,male,R-5,vindelfjallen,25
9/6/16,b-s/r-s,25,3,50,0,white,adult,male,R-5,vindelfjallen,25
9/7/16,b-s/r-s,25,3,50,0,white,adult,male,R-5,vindelfjallen,25
9/12/16,b-s/r-s,25,3,50,0,white,adult,male,R-5,vindelfjallen,25
9/13/16,b-s/r-s,25,3,50,0,white,adult,male,R-5,vindelfjallen,25
9/24/15,b-r/p-b,25,3,50,0,white,adult,male,A-16,vindelfjallen,25
9/26/15,b-r/p-b,25,3,50,0,white,adult,male,A-16,vindelfjallen,25
9/27/15,b-r/p-b,25,3,50,0,white,adult,male,A-16,vindelfjallen,25
9/8/16,b-p/r-gr,25,3,50,0,white,cub,female,hulke,helags,25
9/10/16,b-p/r-gr,25,3,50,0,white,cub,female,hulke,helags,25
9/12/16,b-p/r-gr,25,3,50,0,white,cub,female,hulke,helags,25
9/13/16,b-p/r-gr,25,3,50,0,white,cub,female,hulke,helags,25
9/16/16,b-p/r-gr,25,3,50,0,white,cub,female,hulke,helags,25
9/28/15,b-p/b-b,25,3,50,0,white,cub,male,v_ke,helags,25
9/29/15,b-p/b-b,25,3,50,0,white,cub,male,v_ke,helags,25
9/9/16,b-gr/p-gr,25,3,50,0,white,cub,male,hulke,helags,25
9/10/16,b-gr/p-gr,25,3,50,0,white,cub,male,hulke,helags,25
9/11/16,b-gr/p-gr,25,3,50,0,white,cub,male,hulke,helags,25
9/15/16,b-gr/p-gr,25,3,50,0,white,cub,male,hulke,helags,25
9/17/16,b-gr/p-gr,25,3,50,0,white,cub,male,hulke,helags,25
7/11/16,a6white2,25,3,50,0,white,,,A-6,vindelfjallen,25
7/12/16,a6white2,25,3,50,0,white,,,A-6,vindelfjallen,25
7/13/16,a6white2,25,3,50,0,white,,,A-6,vindelfjallen,25
7/14/16,a6white2,25,3,50,0,white,,,A-6,vindelfjallen,25
7/15/16,a6white2,25,3,50,0,white,,,A-6,vindelfjallen,25
9/8/16,a6white1,25,3,50,0,white,adult,,A-6,vindelfjallen,25
9/9/16,a6white1,25,3,50,0,white,adult,,A-6,vindelfjallen,25
9/10/16,a6white1,25,3,50,0,white,adult,,A-6,vindelfjallen,25
9/12/16,a6white1,25,3,50,0,white,adult,,A-6,vindelfjallen,25
9/13/16,a6white1,25,3,50,0,white,adult,,A-6,vindelfjallen,25
9/18/16,a6white1,25,3,50,0,white,adult,,A-6,vindelfjallen,25
9/20/15,a16white1,25,3,50,0,white,adult,,A-16,vindelfjallen,25
9/21/15,a16white1,25,3,50,0,white,adult,,A-16,vindelfjallen,25
9/23/15,a16white1,25,3,50,0,white,adult,,A-16,vindelfjallen,25
9/25/15,a16white1,25,3,50,0,white,adult,,A-16,vindelfjallen,25
9/28/15,a16white1,25,3,50,0,white,adult,,A-16,vindelfjallen,25
7/1/16,a16blue1,25,3,50,0,blue,,,A-16,vindelfjallen,0
6/18/16,/p-y,25,3,50,0,white,adult,,T-8,vindelfjallen,25
6/20/16,/p-y,25,3,50,0,white,adult,,T-8,vindelfjallen,25
6/21/16,/p-y,25,3,50,0,white,adult,,T-8,vindelfjallen,25
6/22/16,/p-y,25,3,50,0,white,adult,,T-8,vindelfjallen,25
6/23/16,/p-y,25,3,50,0,white,adult,,T-8,vindelfjallen,25
9/11/16,/p-y,25,3,50,0,white,adult,,T-8,vindelfjallen,25
9/12/16,/p-y,25,3,50,0,white,adult,,T-8,vindelfjallen,25
9/14/16,/p-y,25,3,50,0,white,adult,,T-8,vindelfjallen,25
5/31/16,y-s/y-b,50,4,50,0,white,,,slottet,helags,50
6/2/16,y-s/y-b,50,4,50,0,white,,,slottet,helags,50
6/10/16,y-r/p-r,50,4,50,60,blue,,,A-6,vindelfjallen,0
6/12/16,y-r/p-r,50,4,50,50,blue,,,A-6,vindelfjallen,0
9/29/15,y-r/gr-s,50,4,50,0,white,cub,male,v skaftet,helags,50
5/29/16,y-p/gr-p,50,4,50,95,blue,,,A-6,vindelfjallen,0
5/30/16,y-p/gr-p,50,4,50,90,blue,,,A-6,vindelfjallen,0
6/2/16,y-p/gr-p,50,4,50,90,blue,,,A-6,vindelfjallen,0
5/30/16,y-gr/y-b,50,4,50,0,white,adult,female,slottet,helags,50
9/28/16,y-gr/y-b,50,4,50,0,white,adult,female,slottet,helags,50
6/7/16,y-gr/p-w,50,4,50,0,blue,adult,female,A-16,vindelfjallen,0
6/16/16,y-gr/p-w,50,4,50,0,blue,adult,female,A-16,vindelfjallen,0
6/18/16,y-gr/p-w,50,4,50,0,blue,adult,female,A-16,vindelfjallen,0
6/11/16,Vs2,50,4,50,10,blue,,,v skaftet,helags,0
6/12/16,Vs2,50,4,50,10,blue,,,v skaftet,helags,0
6/13/16,Vs2,50,4,50,10,blue,,,v skaftet,helags,0
6/14/16,Vs2,50,4,50,10,blue,,,v skaftet,helags,0
6/20/16,Vs2,50,4,50,0,blue,,,v skaftet,helags,0
6/21/16,Vs2,50,4,50,0,blue,,,v skaftet,helags,0
6/8/16,Vs1,50,4,50,20,blue,,,v skaftet,helags,0
6/9/16,Vs1,50,4,50,15,blue,,,v skaftet,helags,0
6/11/16,Vs1,50,4,50,10,blue,,,v skaftet,helags,0
6/15/16,Vs1,50,4,50,5,blue,,,v skaftet,helags,0
6/17/16,Vs1,50,4,50,10,blue,,,v skaftet,helags,0
6/19/16,Vs1,50,4,50,0,blue,,,v skaftet,helags,0
5/23/16,vakwhite3,50,4,50,20,white,,,v_ke,helags,50
5/27/16,vakwhite3,50,4,50,15,white,,,v_ke,helags,50
6/5/16,vakwhite2,50,4,50,10,white,,,v_ke,helags,50
6/11/16,vakwhite2,50,4,50,5,white,,,v_ke,helags,50
6/17/16,vakwhite2,50,4,50,0,white,,,v_ke,helags,50
6/20/16,vakwhite2,50,4,50,0,white,,,v_ke,helags,50
5/30/16,vakwhite1,50,4,50,15,white,,,v_ke,helags,50
10/25/15,v-y/b-v,50,4,50,90,blue,cub,female,snuse,helags,0
5/18/16,t14white3,50,4,50,100,white,,,T-14,vindelfjallen,50
5/19/16,t14white3,50,4,50,100,white,,,T-14,vindelfjallen,50
5/20/16,t14white3,50,4,50,100,white,,,T-14,vindelfjallen,50
5/22/16,t14white3,50,4,50,90,white,,,T-14,vindelfjallen,50
5/23/16,t14white3,50,4,50,80,white,,,T-14,vindelfjallen,50
5/24/16,t14white3,50,4,50,80,white,,,T-14,vindelfjallen,50
5/26/16,t14white3,50,4,50,80,white,,,T-14,vindelfjallen,50
5/28/16,t14white3,50,4,50,80,white,,,T-14,vindelfjallen,50
6/16/16,t14white2,50,4,50,10,white,,,T-14,vindelfjallen,50
6/21/16,t14white2,50,4,50,0,white,,,T-14,vindelfjallen,50
6/23/16,t14white2,50,4,50,0,white,,,T-14,vindelfjallen,50
6/24/16,t14white2,50,4,50,0,white,,,T-14,vindelfjallen,50
6/25/16,t14white2,50,4,50,0,white,,,T-14,vindelfjallen,50
6/26/16,t14white2,50,4,50,0,white,,,T-14,vindelfjallen,50
6/28/16,t14white2,50,4,50,0,white,,,T-14,vindelfjallen,50
6/30/16,t14white2,50,4,50,0,white,,,T-14,vindelfjallen,50
5/31/16,t14white1,50,4,50,70,white,,,T-14,vindelfjallen,50
6/6/16,t14white1,50,4,50,50,white,,,T-14,vindelfjallen,50
6/11/16,t14white1,50,4,50,30,white,,,T-14,vindelfjallen,50
6/12/16,t14white1,50,4,50,20,white,,,T-14,vindelfjallen,50
6/14/16,t14white1,50,4,50,10,white,,,T-14,vindelfjallen,50
6/15/16,t14white1,50,4,50,10,white,,,T-14,vindelfjallen,50
6/21/16,t14white1,50,4,50,0,white,,,T-14,vindelfjallen,50
10/3/15,snus2,50,4,50,0,white,adult,male,snuse,helags,50
6/3/16,snus2,50,4,50,30,white,adult,male,snuse,helags,50
6/5/16,snus2,50,4,50,30,white,adult,male,snuse,helags,50
6/6/16,snus2,50,4,50,20,white,adult,male,snuse,helags,50
6/7/16,snus2,50,4,50,20,white,adult,male,snuse,helags,50
6/1/16,snus1,50,4,50,60,blue,adult,female,snuse,helags,0
6/5/16,snus1,50,4,50,40,blue,adult,female,snuse,helags,0
6/11/16,snus1,50,4,50,40,blue,adult,female,snuse,helags,0
6/13/16,snus1,50,4,50,30,blue,adult,female,snuse,helags,0
6/14/16,snus1,50,4,50,20,blue,adult,female,snuse,helags,0
6/16/16,snus1,50,4,50,20,blue,adult,female,snuse,helags,0
6/20/16,snus1,50,4,50,10,blue,adult,female,snuse,helags,0
6/22/16,snus1,50,4,50,5,blue,adult,female,snuse,helags,0
6/23/16,snus1,50,4,50,5,blue,adult,female,snuse,helags,0
6/24/16,snus1,50,4,50,0,blue,adult,female,snuse,helags,0
6/26/16,snus1,50,4,50,0,blue,adult,female,snuse,helags,0
6/15/16,r5blue1,50,4,50,0,blue,,,R-5,vindelfjallen,0
6/17/16,r5blue1,50,4,50,0,blue,,,R-5,vindelfjallen,0
6/18/16,r5blue1,50,4,50,0,blue,,,R-5,vindelfjallen,0
6/20/16,r5blue1,50,4,50,0,blue,,,R-5,vindelfjallen,0
6/23/16,r5blue1,50,4,50,0,blue,,,R-5,vindelfjallen,0
6/23/16,r5blue1,50,4,50,0,blue,,,R-5,vindelfjallen,0
6/26/16,r5blue1,50,4,50,0,blue,,,R-5,vindelfjallen,0
9/12/16,r5blue1,50,4,50,0,blue,adult,,R-5,vindelfjallen,0
6/1/16,r3white1,50,4,50,40,white,,,R-3,vindelfjallen,50
6/9/16,r3white1,50,4,50,10,white,,,R-3,vindelfjallen,50
6/10/16,r3white1,50,4,50,40,white,,,R-3,vindelfjallen,50
6/11/16,r3white1,50,4,50,5,white,,,R-3,vindelfjallen,50
6/13/16,r3white1,50,4,50,0,white,,,R-3,vindelfjallen,50
6/15/16,r3white1,50,4,50,0,white,,,R-3,vindelfjallen,50
6/17/16,r3white1,50,4,50,0,white,,,R-3,vindelfjallen,50
6/19/16,r3white1,50,4,50,0,white,,,R-3,vindelfjallen,50
6/6/16,r11white2,50,4,50,30,white,adult,female,R-11,vindelfjallen,50
6/9/16,r11white2,50,4,50,30,white,adult,female,R-11,vindelfjallen,50
6/11/16,r11white2,50,4,50,20,white,adult,female,R-11,vindelfjallen,50
6/12/16,r11white2,50,4,50,20,white,adult,female,R-11,vindelfjallen,50
6/13/16,r11white2,50,4,50,15,white,adult,female,R-11,vindelfjallen,50
6/15/16,r11white2,50,4,50,10,white,adult,female,R-11,vindelfjallen,50
6/16/16,r11white2,50,4,50,10,white,adult,female,R-11,vindelfjallen,50
6/17/16,r11white2,50,4,50,5,white,adult,female,R-11,vindelfjallen,50
6/18/16,r11white2,50,4,50,0,white,adult,female,R-11,vindelfjallen,50
6/20/16,r11white2,50,4,50,5,white,adult,female,R-11,vindelfjallen,50
6/21/16,r11white2,50,4,50,0,white,adult,female,R-11,vindelfjallen,50
6/23/16,r11white2,50,4,50,0,white,adult,female,R-11,vindelfjallen,50
6/24/16,r11white2,50,4,50,0,white,adult,female,R-11,vindelfjallen,50
6/25/16,r11white2,50,4,50,0,white,adult,female,R-11,vindelfjallen,50
6/26/16,r11white2,50,4,50,0,white,adult,female,R-11,vindelfjallen,50
6/27/16,r11white2,50,4,50,0,white,adult,female,R-11,vindelfjallen,50
6/27/16,r11white2,50,4,50,0,white,adult,female,R-11,vindelfjallen,50
9/20/16,r-y/p-s,50,4,50,0,white,adult,male,slottet,helags,50
6/2/16,r-p/b-gr,50,4,50,0,white,cub,female,slottet,helags,50
6/7/16,r-p/b-gr,50,4,50,0,white,cub,female,slottet,helags,50
10/5/15,p-y/y-w,50,4,50,0,blue,adult,female,A-16,vindelfjallen,0
10/6/15,p-y/y-w,50,4,50,5,blue,adult,female,A-16,vindelfjallen,0
10/7/15,p-y/y-w,50,4,50,50,blue,adult,female,A-16,vindelfjallen,0
10/8/15,p-y/y-w,50,4,50,50,blue,adult,female,A-16,vindelfjallen,0
10/9/15,p-y/y-w,50,4,50,80,blue,adult,female,A-16,vindelfjallen,0
10/10/15,p-y/y-w,50,4,50,40,blue,adult,female,A-16,vindelfjallen,0
10/26/15,p-y/y-w,50,4,50,0,blue,adult,female,A-16,vindelfjallen,0
11/1/15,p-y/y-w,50,4,50,90,blue,adult,female,A-16,vindelfjallen,0
5/26/16,p-y/r-y,50,4,50,90,white,adult,male,R-11,vindelfjallen,50
5/28/16,p-y/r-y,50,4,50,80,white,adult,male,R-11,vindelfjallen,50
5/31/16,p-y/r-y,50,4,50,60,white,adult,male,R-11,vindelfjallen,50
6/2/16,p-y/r-y,50,4,50,50,white,adult,male,R-11,vindelfjallen,50
9/15/16,p-y/r-y,50,4,50,0,white,adult,male,R-11,vindelfjallen,50
9/19/16,p-y/r-y,50,4,50,0,white,adult,male,R-11,vindelfjallen,50
10/3/15,p-y/p-y,50,4,50,0,white,cub,male,v_ke,helags,50
10/10/15,p-y/p-y,50,4,50,0,white,cub,male,v_ke,helags,50
10/11/15,p-y/p-y,50,4,50,0,white,cub,male,v_ke,helags,50
6/5/16,p-r/b-b,50,4,50,80,blue,cub,female,A-6,vindelfjallen,0
6/9/16,p-r/b-b,50,4,50,60,blue,cub,female,A-6,vindelfjallen,0
6/10/16,p-r/b-b,50,4,50,60,blue,cub,female,A-6,vindelfjallen,0
6/11/16,p-r/b-b,50,4,50,55,blue,cub,female,A-6,vindelfjallen,0
6/15/16,p-r/b-b,50,4,50,40,blue,cub,female,A-6,vindelfjallen,0
9/9/16,p-r/b-b,50,4,50,0,blue,adult,female,A-6,vindelfjallen,0
9/10/16,p-r/b-b,50,4,50,0,blue,adult,female,A-6,vindelfjallen,0
9/13/16,p-r/b-b,50,4,50,0,blue,adult,female,A-6,vindelfjallen,0
9/18/16,p-r/b-b,50,4,50,0,blue,adult,female,A-6,vindelfjallen,0
9/21/16,p-r/b-b,50,4,50,0,blue,adult,female,A-6,vindelfjallen,0
9/22/16,p-r/b-b,50,4,50,0,blue,adult,female,A-6,vindelfjallen,0
9/26/16,p-r/b-b,50,4,50,0,blue,adult,female,A-6,vindelfjallen,0
9/28/16,p-r/b-b,50,4,50,0,blue,adult,female,A-6,vindelfjallen,0
9/29/16,p-r/b-b,50,4,50,0,blue,adult,female,A-6,vindelfjallen,0
9/30/16,p-r/b-b,50,4,50,90,blue,adult,female,A-6,vindelfjallen,0
10/3/16,p-r/b-b,50,4,50,90,blue,adult,female,A-6,vindelfjallen,0
10/4/16,p-r/b-b,50,4,50,90,blue,adult,female,A-6,vindelfjallen,0
6/13/16,p-o/y-gr,50,4,50,0,white,cub,male,T-8,vindelfjallen,50
6/18/16,p-o/y-gr,50,4,50,0,white,cub,male,T-8,vindelfjallen,50
6/19/16,p-o/y-gr,50,4,50,0,white,cub,male,T-8,vindelfjallen,50
6/17/16,Nv4,50,4,50,0,blue,,,nv skaftet,helags,0
6/17/16,Nv3,50,4,50,0,blue,,,nv skaftet,helags,0
6/18/16,Nv3,50,4,50,0,blue,,,nv skaftet,helags,0
10/7/15,Nv2,50,4,50,0,blue,adult,,nv skaftet,helags,0
10/4/15,Nv1,50,4,50,0,white,adult,,nv skaftet,helags,50
10/9/15,Nv1,50,4,50,0,white,adult,,nv skaftet,helags,50
10/16/15,Nv1,50,4,50,0,white,adult,,nv skaftet,helags,50
10/18/15,Nv1,50,4,50,0,white,adult,,nv skaftet,helags,50
6/18/16,gr-r/y-p,50,4,50,0,white,adult,female,T-8,vindelfjallen,50
6/19/16,gr-r/y-p,50,4,50,0,white,adult,female,T-8,vindelfjallen,50
6/20/16,gr-r/y-p,50,4,50,5,white,adult,female,T-8,vindelfjallen,50
6/22/16,gr-r/y-p,50,4,50,0,white,adult,female,T-8,vindelfjallen,50
6/23/16,gr-r/y-p,50,4,50,0,white,adult,female,T-8,vindelfjallen,50
9/18/16,gr-r/y-p,50,4,50,0,white,adult,female,T-8,vindelfjallen,50
9/20/16,gr-r/y-p,50,4,50,0,white,adult,female,T-8,vindelfjallen,50
9/22/16,gr-r/y-p,50,4,50,0,white,adult,female,T-8,vindelfjallen,50
6/13/16,Ek2,50,4,50,0,white,,,ekorrd_rren,helags,50
6/14/16,Ek2,50,4,50,0,white,,,ekorrd_rren,helags,50
6/17/16,Ek2,50,4,50,0,white,,,ekorrd_rren,helags,50
6/18/16,Ek2,50,4,50,0,white,,,ekorrd_rren,helags,50
6/21/16,Ek2,50,4,50,0,white,,,ekorrd_rren,helags,50
6/22/16,Ek2,50,4,50,0,white,,,ekorrd_rren,helags,50
6/24/16,Ek2,50,4,50,0,white,,,ekorrd_rren,helags,50
6/26/16,Ek2,50,4,50,0,white,,,ekorrd_rren,helags,50
6/29/16,Ek2,50,4,50,0,white,,,ekorrd_rren,helags,50
6/30/16,Ek2,50,4,50,0,white,,,ekorrd_rren,helags,50
7/3/16,Ek2,50,4,50,0,white,,,ekorrd_rren,helags,50
7/4/16,Ek2,50,4,50,0,white,,,ekorrd_rren,helags,50
7/6/16,Ek2,50,4,50,0,white,,,ekorrd_rren,helags,50
7/8/16,Ek2,50,4,50,0,white,,,ekorrd_rren,helags,50
7/9/16,Ek2,50,4,50,0,white,,,ekorrd_rren,helags,50
6/2/16,Ek1,50,4,50,0,white,,,ekorrd_rren,helags,50
6/3/16,Ek1,50,4,50,0,white,,,ekorrd_rren,helags,50
6/5/16,Ek1,50,4,50,0,white,,,ekorrd_rren,helags,50
6/6/16,Ek1,50,4,50,0,white,,,ekorrd_rren,helags,50
6/7/16,Ek1,50,4,50,0,white,,,ekorrd_rren,helags,50
6/9/16,Ek1,50,4,50,80,white,,,ekorrd_rren,helags,50
6/11/16,Ek1,50,4,50,0,white,,,ekorrd_rren,helags,50
6/13/16,Ek1,50,4,50,0,white,,,ekorrd_rren,helags,50
6/17/16,Ek1,50,4,50,0,white,,,ekorrd_rren,helags,50
9/20/16,Ek1,50,4,50,0,white,adult,,ekorrd_rren,helags,50
6/21/16,b-y/gr-o,50,4,50,0,white,cub,female,T-8,vindelfjallen,50
6/22/16,b-y/gr-o,50,4,50,0,white,cub,female,T-8,vindelfjallen,50
9/22/16,b-y/gr-o,50,4,50,0,white,adult,female,T-8,vindelfjallen,50
6/17/16,b-s/r-s,50,4,50,0,white,adult,male,R-5,vindelfjallen,50
6/20/16,b-s/r-s,50,4,50,0,white,adult,male,R-5,vindelfjallen,50
6/23/16,b-s/r-s,50,4,50,0,white,adult,male,R-5,vindelfjallen,50
6/25/16,b-s/r-s,50,4,50,0,white,adult,male,R-5,vindelfjallen,50
6/28/16,b-s/r-s,50,4,50,0,white,adult,male,R-5,vindelfjallen,50
6/29/16,b-s/r-s,50,4,50,0,white,adult,male,R-5,vindelfjallen,50
7/1/16,b-s/r-s,50,4,50,0,white,adult,male,R-5,vindelfjallen,50
9/17/16,b-s/r-s,50,4,50,0,white,adult,male,R-5,vindelfjallen,50
10/3/15,b-r/p-r,50,4,50,0,white,cub,male,v_ke,helags,50
10/6/15,b-r/p-b,50,4,50,5,white,adult,male,A-16,vindelfjallen,50
10/7/15,b-r/p-b,50,4,50,50,white,adult,male,A-16,vindelfjallen,50
10/8/15,b-r/p-b,50,4,50,0,white,adult,male,A-16,vindelfjallen,50
10/5/15,b-p/y-s,50,4,50,5,white,cub,male,v skaftet,helags,50
9/19/16,b-p/r-gr,50,4,50,0,white,cub,female,hulke,helags,50
9/21/16,b-p/r-gr,50,4,50,0,white,cub,female,hulke,helags,50
9/23/16,b-p/r-gr,50,4,50,0,white,cub,female,hulke,helags,50
10/3/15,b-p/b-b,50,4,50,0,white,cub,male,v_ke,helags,50
10/7/15,b-p/b-b,50,4,50,0,white,cub,male,v_ke,helags,50
10/10/15,b-p/b-b,50,4,50,0,white,cub,male,v_ke,helags,50
10/12/15,b-p/b-b,50,4,50,0,white,cub,male,v_ke,helags,50
6/10/16,a6white1,50,4,50,60,white,,,A-6,vindelfjallen,50
6/11/16,a6white1,50,4,50,55,white,,,A-6,vindelfjallen,50
6/18/16,a6white1,50,4,50,20,white,,,A-6,vindelfjallen,50
6/23/16,a6white1,50,4,50,15,white,,,A-6,vindelfjallen,50
6/25/16,a6white1,50,4,50,10,white,,,A-6,vindelfjallen,50
6/30/16,a6white1,50,4,50,0,white,,,A-6,vindelfjallen,50
9/19/16,a6white1,50,4,50,0,white,adult,,A-6,vindelfjallen,50
9/20/16,a6white1,50,4,50,0,white,adult,,A-6,vindelfjallen,50
9/26/16,a6white1,50,4,50,0,white,adult,,A-6,vindelfjallen,50
9/27/16,a6white1,50,4,50,0,white,adult,,A-6,vindelfjallen,50
9/29/16,a6white1,50,4,50,0,white,adult,,A-6,vindelfjallen,50
9/30/16,a6white1,50,4,50,90,white,adult,,A-6,vindelfjallen,50
6/10/16,a6blue1,50,4,50,60,blue,,,A-6,vindelfjallen,0
6/12/16,a6blue1,50,4,50,50,blue,,,A-6,vindelfjallen,0
9/10/16,a6blue1,50,4,50,0,blue,adult,,A-6,vindelfjallen,0
9/13/16,a6blue1,50,4,50,0,blue,adult,,A-6,vindelfjallen,0
9/15/16,a6blue1,50,4,50,0,blue,adult,,A-6,vindelfjallen,0
9/20/16,a6blue1,50,4,50,0,blue,adult,,A-6,vindelfjallen,0
9/22/16,a6blue1,50,4,50,0,blue,adult,,A-6,vindelfjallen,0
9/29/16,a6blue1,50,4,50,90,blue,adult,,A-6,vindelfjallen,0
10/2/16,a6blue1,50,4,50,50,blue,adult,,A-6,vindelfjallen,0
10/3/16,a6blue1,50,4,50,90,blue,adult,,A-6,vindelfjallen,0
10/4/16,a6blue1,50,4,50,90,blue,adult,,A-6,vindelfjallen,0
10/5/16,a6blue1,50,4,50,90,blue,adult,,A-6,vindelfjallen,0
10/3/15,a16white1,50,4,50,50,white,adult,,A-16,vindelfjallen,50
10/9/15,a16white1,50,4,50,80,white,adult,,A-16,vindelfjallen,50
10/6/15,a16blue1,50,4,50,5,blue,adult,,A-16,vindelfjallen,0
10/9/15,a16blue1,50,4,50,80,blue,adult,,A-16,vindelfjallen,0
6/22/16,a16blue1,50,4,50,0,blue,,,A-16,vindelfjallen,0
6/23/16,a16blue1,50,4,50,0,blue,,,A-16,vindelfjallen,0
6/24/16,a16blue1,50,4,50,0,blue,,,A-16,vindelfjallen,0
10/5/16,a16blue1,50,4,50,0,blue,adult,,A-16,vindelfjallen,0
6/9/16,/p-y,50,4,50,0,white,adult,,T-8,vindelfjallen,50
6/10/16,/p-y,50,4,50,0,white,adult,,T-8,vindelfjallen,50
6/12/16,/p-y,50,4,50,0,white,adult,,T-8,vindelfjallen,50
6/13/16,/p-y,50,4,50,0,white,adult,,T-8,vindelfjallen,50
6/14/16,/p-y,50,4,50,0,white,adult,,T-8,vindelfjallen,50
6/15/16,/p-y,50,4,50,0,white,adult,,T-8,vindelfjallen,50
6/16/16,/p-y,50,4,50,0,white,adult,,T-8,vindelfjallen,50
9/15/16,/p-y,50,4,50,0,white,adult,,T-8,vindelfjallen,50
9/17/16,/p-y,50,4,50,0,white,adult,,T-8,vindelfjallen,50
9/20/16,/p-y,50,4,50,0,white,adult,,T-8,vindelfjallen,50
9/22/16,/p-y,50,4,50,0,white,adult,,T-8,vindelfjallen,50
5/28/16,y-r/p-r,75,5,50,95,blue,,,A-6,vindelfjallen,0
5/30/16,y-r/p-r,75,5,50,90,blue,,,A-6,vindelfjallen,0
6/2/16,y-r/p-r,75,5,50,90,blue,,,A-6,vindelfjallen,0
6/6/16,y-r/p-r,75,5,50,70,blue,,,A-6,vindelfjallen,0
10/9/15,y-r/gr-s,75,5,50,0,white,cub,male,v skaftet,helags,75
10/11/15,y-r/gr-s,75,5,50,5,white,cub,male,v skaftet,helags,75
5/17/16,y-p/gr-p,75,5,50,100,blue,,,A-6,vindelfjallen,0
5/18/16,y-p/gr-p,75,5,50,100,blue,,,A-6,vindelfjallen,0
5/19/16,y-p/gr-p,75,5,50,100,blue,,,A-6,vindelfjallen,0
5/20/16,y-p/gr-p,75,5,50,100,blue,,,A-6,vindelfjallen,0
5/21/16,y-p/gr-p,75,5,50,100,blue,,,A-6,vindelfjallen,0
5/23/16,y-p/gr-p,75,5,50,100,blue,,,A-6,vindelfjallen,0
5/24/16,y-p/gr-p,75,5,50,100,blue,,,A-6,vindelfjallen,0
5/26/16,y-p/gr-p,75,5,50,100,blue,,,A-6,vindelfjallen,0
5/27/16,y-p/gr-p,75,5,50,95,blue,,,A-6,vindelfjallen,0
5/28/16,y-p/gr-p,75,5,50,95,blue,,,A-6,vindelfjallen,0
10/6/16,y-gr/y-b,75,5,50,95,white,adult,female,slottet,helags,75
10/7/16,y-gr/y-b,75,5,50,95,white,adult,female,slottet,helags,75
10/9/16,y-gr/y-b,75,5,50,90,white,adult,female,slottet,helags,75
5/26/16,y-gr/p-w,75,5,50,5,blue,adult,female,A-16,vindelfjallen,0
5/27/16,y-gr/p-w,75,5,50,0,blue,adult,female,A-16,vindelfjallen,0
5/30/16,y-gr/p-w,75,5,50,0,blue,adult,female,A-16,vindelfjallen,0
6/7/16,Vs2,75,5,50,10,blue,,,v skaftet,helags,0
6/8/16,Vs2,75,5,50,20,blue,,,v skaftet,helags,0
6/10/16,Vs2,75,5,50,10,blue,,,v skaftet,helags,0
6/1/16,Vs1,75,5,50,20,blue,,,v skaftet,helags,0
6/5/16,Vs1,75,5,50,10,blue,,,v skaftet,helags,0
6/6/16,Vs1,75,5,50,10,blue,,,v skaftet,helags,0
6/7/16,Vs1,75,5,50,10,blue,,,v skaftet,helags,0
5/16/16,vakwhite3,75,5,50,50,white,,,v_ke,helags,75
5/12/16,vakwhite2,75,5,50,50,white,,,v_ke,helags,75
5/11/16,vakwhite1,75,5,50,50,white,,,v_ke,helags,75
5/12/16,vakwhite1,75,5,50,50,white,,,v_ke,helags,75
5/16/16,vakwhite1,75,5,50,50,white,,,v_ke,helags,75
5/15/16,t14white3,75,5,50,100,white,,,T-14,vindelfjallen,75
5/16/16,t14white3,75,5,50,100,white,,,T-14,vindelfjallen,75
5/17/16,t14white3,75,5,50,90,white,,,T-14,vindelfjallen,75
5/31/16,t14white2,75,5,50,75,white,,,T-14,vindelfjallen,75
6/11/16,t14white2,75,5,50,30,white,,,T-14,vindelfjallen,75
6/13/16,t14white2,75,5,50,15,white,,,T-14,vindelfjallen,75
10/5/16,t14white2,75,5,50,10,white,adult,,T-14,vindelfjallen,75
5/16/16,t14white1,75,5,50,90,white,,,T-14,vindelfjallen,75
5/17/16,t14white1,75,5,50,90,white,,,T-14,vindelfjallen,75
5/18/16,t14white1,75,5,50,100,white,,,T-14,vindelfjallen,75
5/19/16,t14white1,75,5,50,100,white,,,T-14,vindelfjallen,75
5/21/16,t14white1,75,5,50,100,white,,,T-14,vindelfjallen,75
5/22/16,t14white1,75,5,50,90,white,,,T-14,vindelfjallen,75
5/25/16,t14white1,75,5,50,80,white,,,T-14,vindelfjallen,75
5/26/16,t14white1,75,5,50,80,white,,,T-14,vindelfjallen,75
5/27/16,t14white1,75,5,50,80,white,,,T-14,vindelfjallen,75
5/28/16,t14white1,75,5,50,80,white,,,T-14,vindelfjallen,75
5/26/16,snus2,75,5,50,70,white,adult,male,snuse,helags,75
5/27/16,snus2,75,5,50,80,white,adult,male,snuse,helags,75
5/29/16,snus2,75,5,50,60,white,adult,male,snuse,helags,75
5/30/16,snus2,75,5,50,65,white,adult,male,snuse,helags,75
6/1/16,snus2,75,5,50,40,white,adult,male,snuse,helags,75
5/26/16,snus1,75,5,50,60,blue,adult,female,snuse,helags,0
5/27/16,snus1,75,5,50,60,blue,adult,female,snuse,helags,0
5/29/16,snus1,75,5,50,60,blue,adult,female,snuse,helags,0
5/31/16,snus1,75,5,50,60,blue,adult,female,snuse,helags,0
6/22/16,r5white1,75,5,50,0,white,,,R-5,vindelfjallen,75
6/10/16,r5blue1,75,5,50,0,blue,,,R-5,vindelfjallen,0
6/12/16,r5blue1,75,5,50,0,blue,,,R-5,vindelfjallen,0
6/14/16,r5blue1,75,5,50,0,blue,,,R-5,vindelfjallen,0
6/1/16,r3white2,75,5,50,40,white,,,R-3,vindelfjallen,75
6/5/16,r3white2,75,5,50,30,white,,,R-3,vindelfjallen,75
5/23/16,r3white1,75,5,50,90,white,,,R-3,vindelfjallen,75
5/25/16,r3white1,75,5,50,90,white,,,R-3,vindelfjallen,75
5/26/16,r3white1,75,5,50,90,white,,,R-3,vindelfjallen,75
5/27/16,r3white1,75,5,50,90,white,,,R-3,vindelfjallen,75
10/2/16,r3white1,75,5,50,50,white,adult,,R-3,vindelfjallen,75
10/4/16,r3white1,75,5,50,20,white,adult,,R-3,vindelfjallen,75
6/24/16,r11white3,75,5,50,0,white,,,R-11,vindelfjallen,75
5/23/16,r11white2,75,5,50,95,white,adult,female,R-11,vindelfjallen,75
5/24/16,r11white2,75,5,50,95,white,adult,female,R-11,vindelfjallen,75
5/25/16,r11white2,75,5,50,95,white,adult,female,R-11,vindelfjallen,75
5/28/16,r11white2,75,5,50,80,white,adult,female,R-11,vindelfjallen,75
5/31/16,r11white2,75,5,50,60,white,adult,female,R-11,vindelfjallen,75
6/4/16,r11white2,75,5,50,40,white,adult,female,R-11,vindelfjallen,75
9/29/16,r11white2,75,5,50,100,white,adult,female,R-11,vindelfjallen,75
9/28/16,r-y/p-s,75,5,50,95,white,adult,male,slottet,helags,75
9/30/16,r-y/p-s,75,5,50,50,white,adult,male,slottet,helags,75
10/1/16,r-y/p-s,75,5,50,95,white,adult,male,slottet,helags,75
10/6/16,r-y/p-s,75,5,50,95,white,adult,male,slottet,helags,75
10/12/16,r-y/p-s,75,5,50,20,white,adult,male,slottet,helags,75
10/16/16,r-y/p-s,75,5,50,50,white,adult,male,slottet,helags,75
6/11/16,r-p/gr-y,75,5,50,0,white,adult,female,T-8,vindelfjallen,75
5/31/16,r-p/b-gr,75,5,50,0,white,cub,female,slottet,helags,75
10/7/16,r-p/b-gr,75,5,50,95,white,adult,female,slottet,helags,75
10/9/16,r-p/b-gr,75,5,50,90,white,adult,female,slottet,helags,75
10/12/16,r-p/b-gr,75,5,50,20,white,adult,female,slottet,helags,75
10/13/16,r-p/b-gr,75,5,50,90,white,adult,female,slottet,helags,75
5/14/16,r-b/y-gr,75,5,50,100,white,,,R-3,vindelfjallen,75
5/17/16,p-y/r-y,75,5,50,100,white,adult,male,R-11,vindelfjallen,75
5/18/16,p-y/r-y,75,5,50,100,white,adult,male,R-11,vindelfjallen,75
5/19/16,p-y/r-y,75,5,50,100,white,adult,male,R-11,vindelfjallen,75
5/20/16,p-y/r-y,75,5,50,100,white,adult,male,R-11,vindelfjallen,75
5/21/16,p-y/r-y,75,5,50,100,white,adult,male,R-11,vindelfjallen,75
5/22/16,p-y/r-y,75,5,50,100,white,adult,male,R-11,vindelfjallen,75
5/25/16,p-y/r-y,75,5,50,95,white,adult,male,R-11,vindelfjallen,75
5/22/16,p-r/r-y,75,5,50,100,white,adult,female,R-11,vindelfjallen,75
5/23/16,p-r/r-y,75,5,50,95,white,adult,female,R-11,vindelfjallen,75
5/24/16,p-r/r-y,75,5,50,95,white,adult,female,R-11,vindelfjallen,75
5/31/16,p-r/r-y,75,5,50,60,white,adult,female,R-11,vindelfjallen,75
9/21/16,p-r/r-y,75,5,50,0,white,adult,female,R-11,vindelfjallen,75
5/27/16,p-r/b-b,75,5,50,95,blue,cub,female,A-6,vindelfjallen,0
5/30/16,p-r/b-b,75,5,50,90,blue,cub,female,A-6,vindelfjallen,0
5/31/16,p-r/b-b,75,5,50,90,blue,cub,female,A-6,vindelfjallen,0
6/2/16,p-o/y-gr,75,5,50,5,white,cub,male,T-8,vindelfjallen,75
6/4/16,p-o/y-gr,75,5,50,0,white,cub,male,T-8,vindelfjallen,75
6/5/16,p-o/y-gr,75,5,50,0,white,cub,male,T-8,vindelfjallen,75
6/7/16,p-o/y-gr,75,5,50,0,white,cub,male,T-8,vindelfjallen,75
6/9/16,p-o/y-gr,75,5,50,0,white,cub,male,T-8,vindelfjallen,75
6/11/16,p-o/y-gr,75,5,50,0,white,cub,male,T-8,vindelfjallen,75
6/12/16,p-o/y-gr,75,5,50,0,white,cub,male,T-8,vindelfjallen,75
10/19/16,p-o/y-gr,75,5,50,10,white,adult,male,T-14,vindelfjallen,75
10/31/16,p-o/y-gr,75,5,50,100,white,adult,male,T-14,vindelfjallen,75
10/2/16,p-gr/r-p,75,5,50,0,white,cub,female,hulke,helags,75
10/19/15,Nv1,75,5,50,0,white,adult,,nv skaftet,helags,75
10/23/15,Nv1,75,5,50,0,white,adult,,nv skaftet,helags,75
10/24/15,Nv1,75,5,50,0,white,adult,,nv skaftet,helags,75
10/25/15,Nv1,75,5,50,0,white,adult,,nv skaftet,helags,75
6/10/16,gr-r/y-p,75,5,50,10,white,adult,female,T-8,vindelfjallen,75
6/12/16,gr-r/y-p,75,5,50,0,white,adult,female,T-8,vindelfjallen,75
6/13/16,gr-r/y-p,75,5,50,0,white,adult,female,T-8,vindelfjallen,75
6/15/16,gr-r/y-p,75,5,50,0,white,adult,female,T-8,vindelfjallen,75
6/17/16,gr-r/y-p,75,5,50,0,white,adult,female,T-8,vindelfjallen,75
6/7/16,Ek2,75,5,50,0,white,,,ekorrd_rren,helags,75
6/9/16,Ek2,75,5,50,80,white,,,ekorrd_rren,helags,75
6/10/16,Ek2,75,5,50,80,white,,,ekorrd_rren,helags,75
6/11/16,Ek2,75,5,50,0,white,,,ekorrd_rren,helags,75
10/14/16,Ek2,75,5,50,20,white,adult,,ekorrd_rren,helags,75
5/22/16,Ek1,75,5,50,0,white,,,ekorrd_rren,helags,75
5/25/16,Ek1,75,5,50,0,white,,,ekorrd_rren,helags,75
5/28/16,Ek1,75,5,50,0,white,,,ekorrd_rren,helags,75
5/29/16,Ek1,75,5,50,0,white,,,ekorrd_rren,helags,75
5/31/16,Ek1,75,5,50,0,white,,,ekorrd_rren,helags,75
10/3/16,Ek1,75,5,50,95,white,adult,,ekorrd_rren,helags,75
10/14/16,Ek1,75,5,50,20,white,adult,,ekorrd_rren,helags,75
6/14/16,b-y/gr-o,75,5,50,0,white,cub,female,T-8,vindelfjallen,75
6/15/16,b-y/gr-o,75,5,50,0,white,cub,female,T-8,vindelfjallen,75
6/18/16,b-y/gr-o,75,5,50,0,white,cub,female,T-8,vindelfjallen,75
6/19/16,b-y/gr-o,75,5,50,0,white,cub,female,T-8,vindelfjallen,75
6/15/16,b-s/r-s,75,5,50,0,white,adult,male,R-5,vindelfjallen,75
6/16/16,b-s/r-s,75,5,50,0,white,adult,male,R-5,vindelfjallen,75
10/2/16,b-s/r-s,75,5,50,0,white,adult,male,R-5,vindelfjallen,75
10/10/15,b-r/p-b,75,5,50,40,white,adult,male,A-16,vindelfjallen,75
10/13/15,b-r/p-b,75,5,50,0,white,adult,male,A-16,vindelfjallen,75
10/10/15,b-p/y-s,75,5,50,0,white,cub,male,v skaftet,helags,75
10/11/15,b-p/y-s,75,5,50,0,white,cub,male,v skaftet,helags,75
10/1/16,b-gr/p-gr,75,5,50,0,white,cub,male,hulke,helags,75
10/8/16,b-gr/p-gr,75,5,50,0,white,cub,male,hulke,helags,75
5/30/16,a6white1,75,5,50,90,white,,,A-6,vindelfjallen,75
6/1/16,a6white1,75,5,50,90,white,,,A-6,vindelfjallen,75
6/2/16,a6white1,75,5,50,90,white,,,A-6,vindelfjallen,75
6/4/16,a6white1,75,5,50,80,white,,,A-6,vindelfjallen,75
10/3/16,a6white1,75,5,50,90,white,adult,,A-6,vindelfjallen,75
10/5/16,a6white1,75,5,50,90,white,adult,,A-6,vindelfjallen,75
10/6/16,a6white1,75,5,50,0,white,adult,,A-6,vindelfjallen,75
10/7/16,a6white1,75,5,50,0,white,adult,,A-6,vindelfjallen,75
10/9/16,a6white1,75,5,50,0,white,adult,,A-6,vindelfjallen,75
10/10/16,a6white1,75,5,50,0,white,adult,,A-6,vindelfjallen,75
10/12/16,a6white1,75,5,50,0,white,adult,,A-6,vindelfjallen,75
5/26/16,a6blue1,75,5,50,100,blue,,,A-6,vindelfjallen,0
5/27/16,a6blue1,75,5,50,95,blue,,,A-6,vindelfjallen,0
5/29/16,a6blue1,75,5,50,95,blue,,,A-6,vindelfjallen,0
6/4/16,a6blue1,75,5,50,80,blue,,,A-6,vindelfjallen,0
6/6/16,a6blue1,75,5,50,70,blue,,,A-6,vindelfjallen,0
10/10/15,a16white1,75,5,50,40,white,adult,,A-16,vindelfjallen,75
6/5/16,a16blue1,75,5,50,0,blue,,,A-16,vindelfjallen,0
6/11/16,a16blue1,75,5,50,0,blue,,,A-16,vindelfjallen,0
6/16/16,a16blue1,75,5,50,0,blue,,,A-16,vindelfjallen,0
6/4/16,/p-y,75,5,50,0,white,adult,,T-8,vindelfjallen,75
6/7/16,/p-y,75,5,50,0,white,adult,,T-8,vindelfjallen,75
6/8/16,/p-y,75,5,50,0,white,adult,,T-8,vindelfjallen,75
5/20/16,y-r/p-r,95,6,50,100,blue,,,A-6,vindelfjallen,0
5/21/16,y-r/p-r,95,6,50,100,blue,,,A-6,vindelfjallen,0
5/22/16,y-r/p-r,95,6,50,100,blue,,,A-6,vindelfjallen,0
5/23/16,y-r/p-r,95,6,50,100,blue,,,A-6,vindelfjallen,0
5/24/16,y-r/p-r,95,6,50,100,blue,,,A-6,vindelfjallen,0
5/25/16,y-r/p-r,95,6,50,100,blue,,,A-6,vindelfjallen,0
5/26/16,y-r/p-r,95,6,50,100,blue,,,A-6,vindelfjallen,0
5/27/16,y-r/p-r,95,6,50,95,blue,,,A-6,vindelfjallen,0
5/12/16,y-p/gr-p,95,6,50,100,blue,,,A-6,vindelfjallen,0
5/13/16,y-p/gr-p,95,6,50,100,blue,,,A-6,vindelfjallen,0
5/15/16,y-p/gr-p,95,6,50,100,blue,,,A-6,vindelfjallen,0
5/16/16,y-p/gr-p,95,6,50,100,blue,,,A-6,vindelfjallen,0
5/21/16,y-gr/p-w,95,6,50,0,blue,adult,female,A-16,vindelfjallen,0
5/23/16,y-gr/p-w,95,6,50,0,blue,adult,female,A-16,vindelfjallen,0
6/1/16,Vs2,95,6,50,20,blue,,,v skaftet,helags,0
6/3/16,Vs2,95,6,50,15,blue,,,v skaftet,helags,0
6/4/16,Vs2,95,6,50,40,blue,,,v skaftet,helags,0
6/5/16,Vs2,95,6,50,10,blue,,,v skaftet,helags,0
6/6/16,Vs2,95,6,50,10,blue,,,v skaftet,helags,0
5/17/16,Vs1,95,6,50,75,blue,,,v skaftet,helags,0
5/21/16,Vs1,95,6,50,60,blue,,,v skaftet,helags,0
5/27/16,Vs1,95,6,50,40,blue,,,v skaftet,helags,0
5/29/16,Vs1,95,6,50,40,blue,,,v skaftet,helags,0
5/30/16,Vs1,95,6,50,30,blue,,,v skaftet,helags,0
5/31/16,Vs1,95,6,50,30,blue,,,v skaftet,helags,0
5/7/16,vakwhite1,95,6,50,50,white,,,v_ke,helags,95
6/8/16,t8white1,95,6,50,0,white,,,T-8,vindelfjallen,95
6/9/16,t8white1,95,6,50,10,white,,,T-8,vindelfjallen,95
6/11/16,t8white1,95,6,50,0,white,,,T-8,vindelfjallen,95
6/12/16,t8white1,95,6,50,0,white,,,T-8,vindelfjallen,95
5/12/16,t14white3,95,6,50,90,white,,,T-14,vindelfjallen,95
5/22/16,t14white2,95,6,50,90,white,,,T-14,vindelfjallen,95
5/27/16,t14white2,95,6,50,80,white,,,T-14,vindelfjallen,95
5/28/16,t14white2,95,6,50,80,white,,,T-14,vindelfjallen,95
5/29/16,t14white2,95,6,50,80,white,,,T-14,vindelfjallen,95
5/4/16,t14white1,95,6,50,100,white,,,T-14,vindelfjallen,95
5/6/16,t14white1,95,6,50,100,white,,,T-14,vindelfjallen,95
5/7/16,t14white1,95,6,50,100,white,,,T-14,vindelfjallen,95
5/9/16,t14white1,95,6,50,90,white,,,T-14,vindelfjallen,95
5/11/16,t14white1,95,6,50,90,white,,,T-14,vindelfjallen,95
5/12/16,t14white1,95,6,50,90,white,,,T-14,vindelfjallen,95
5/13/16,t14white1,95,6,50,90,white,,,T-14,vindelfjallen,95
5/17/16,t14blue1,95,6,50,100,blue,,,T-14,vindelfjallen,0
5/19/16,snus2,95,6,50,95,white,adult,male,snuse,helags,95
5/21/16,snus2,95,6,50,80,white,adult,male,snuse,helags,95
5/22/16,snus2,95,6,50,80,white,adult,male,snuse,helags,95
5/16/16,snus1,95,6,50,80,blue,adult,female,snuse,helags,0
5/18/16,snus1,95,6,50,80,blue,adult,female,snuse,helags,0
5/20/16,snus1,95,6,50,80,blue,adult,female,snuse,helags,0
5/21/16,snus1,95,6,50,80,blue,adult,female,snuse,helags,0
5/22/16,snus1,95,6,50,80,blue,adult,female,snuse,helags,0
5/25/16,snus1,95,6,50,80,blue,adult,female,snuse,helags,0
5/31/16,r5blue1,95,6,50,0,blue,,,R-5,vindelfjallen,0
6/2/16,r5blue1,95,6,50,0,blue,,,R-5,vindelfjallen,0
5/26/16,r3white2,95,6,50,90,white,,,R-3,vindelfjallen,95
5/28/16,r3white2,95,6,50,90,white,,,R-3,vindelfjallen,95
5/31/16,r3white2,95,6,50,70,white,,,R-3,vindelfjallen,95
5/10/16,r3white1,95,6,50,100,white,,,R-3,vindelfjallen,95
5/11/16,r3white1,95,6,50,100,white,,,R-3,vindelfjallen,95
5/12/16,r3white1,95,6,50,100,white,,,R-3,vindelfjallen,95
5/13/16,r3white1,95,6,50,100,white,,,R-3,vindelfjallen,95
5/14/16,r3white1,95,6,50,100,white,,,R-3,vindelfjallen,95
5/17/16,r3white1,95,6,50,100,white,,,R-3,vindelfjallen,95
5/18/16,r3white1,95,6,50,100,white,,,R-3,vindelfjallen,95
5/19/16,r3white1,95,6,50,100,white,,,R-3,vindelfjallen,95
5/21/16,r3white1,95,6,50,95,white,,,R-3,vindelfjallen,95
5/22/16,r3white1,95,6,50,95,white,,,R-3,vindelfjallen,95
6/18/16,r11white3,95,6,50,0,white,,,R-11,vindelfjallen,95
5/15/16,r11white2,95,6,50,100,white,adult,female,R-11,vindelfjallen,95
5/16/16,r11white2,95,6,50,100,white,adult,female,R-11,vindelfjallen,95
5/17/16,r11white2,95,6,50,100,white,adult,female,R-11,vindelfjallen,95
5/18/16,r11white2,95,6,50,100,white,adult,female,R-11,vindelfjallen,95
5/19/16,r11white2,95,6,50,100,white,adult,female,R-11,vindelfjallen,95
5/20/16,r11white2,95,6,50,100,white,adult,female,R-11,vindelfjallen,95
5/21/16,r11white2,95,6,50,100,white,adult,female,R-11,vindelfjallen,95
5/24/16,r-p/gr-y,95,6,50,25,white,adult,female,T-8,vindelfjallen,95
5/26/16,r-p/gr-y,95,6,50,20,white,adult,female,T-8,vindelfjallen,95
5/29/16,r-p/gr-y,95,6,50,20,white,adult,female,T-8,vindelfjallen,95
5/30/16,r-p/gr-y,95,6,50,15,white,adult,female,T-8,vindelfjallen,95
6/2/16,r-p/gr-y,95,6,50,5,white,adult,female,T-8,vindelfjallen,95
6/3/16,r-p/gr-y,95,6,50,0,white,adult,female,T-8,vindelfjallen,95
5/3/16,p-y/r-y,95,6,50,100,white,adult,male,R-11,vindelfjallen,95
5/5/16,p-y/r-y,95,6,50,100,white,adult,male,R-11,vindelfjallen,95
5/7/16,p-y/r-y,95,6,50,100,white,adult,male,R-11,vindelfjallen,95
5/8/16,p-y/r-y,95,6,50,100,white,adult,male,R-11,vindelfjallen,95
5/9/16,p-y/r-y,95,6,50,100,white,adult,male,R-11,vindelfjallen,95
5/10/16,p-y/r-y,95,6,50,100,white,adult,male,R-11,vindelfjallen,95
5/11/16,p-y/r-y,95,6,50,100,white,adult,male,R-11,vindelfjallen,95
5/13/16,p-y/r-y,95,6,50,100,white,adult,male,R-11,vindelfjallen,95
5/14/16,p-y/r-y,95,6,50,100,white,adult,male,R-11,vindelfjallen,95
5/15/16,p-y/r-y,95,6,50,100,white,adult,male,R-11,vindelfjallen,95
5/16/16,p-y/r-y,95,6,50,100,white,adult,male,R-11,vindelfjallen,95
5/3/16,p-r/r-y,95,6,50,100,white,adult,female,R-11,vindelfjallen,95
5/4/16,p-r/r-y,95,6,50,100,white,adult,female,R-3,vindelfjallen,95
5/5/16,p-r/r-y,95,6,50,100,white,adult,female,R-11,vindelfjallen,95
5/9/16,p-r/r-y,95,6,50,100,white,adult,female,R-3,vindelfjallen,95
5/10/16,p-r/r-y,95,6,50,100,white,adult,female,R-3,vindelfjallen,95
5/12/16,p-r/r-y,95,6,50,100,white,adult,female,R-11,vindelfjallen,95
5/14/16,p-r/r-y,95,6,50,100,white,adult,female,R-11,vindelfjallen,95
5/15/16,p-r/r-y,95,6,50,100,white,adult,female,R-11,vindelfjallen,95
5/17/16,p-r/r-y,95,6,50,100,white,adult,female,R-11,vindelfjallen,95
5/18/16,p-r/r-y,95,6,50,100,white,adult,female,R-11,vindelfjallen,95
5/19/16,p-r/r-y,95,6,50,100,white,adult,female,R-3,vindelfjallen,95
5/20/16,p-r/r-y,95,6,50,100,white,adult,female,R-3,vindelfjallen,95
5/21/16,p-r/r-y,95,6,50,95,white,adult,female,R-3,vindelfjallen,95
5/16/16,p-r/b-b,95,6,50,100,blue,cub,female,A-6,vindelfjallen,0
5/17/16,p-r/b-b,95,6,50,100,blue,cub,female,A-6,vindelfjallen,0
5/19/16,p-r/b-b,95,6,50,100,blue,cub,female,A-6,vindelfjallen,0
5/21/16,p-r/b-b,95,6,50,100,blue,cub,female,A-6,vindelfjallen,0
5/22/16,p-r/b-b,95,6,50,100,blue,cub,female,A-6,vindelfjallen,0
5/25/16,p-r/b-b,95,6,50,100,blue,cub,female,A-6,vindelfjallen,0
5/20/16,p-o/y-gr,95,6,50,90,white,cub,male,T-8,vindelfjallen,95
5/24/16,p-o/y-gr,95,6,50,25,white,cub,male,T-8,vindelfjallen,95
5/27/16,p-o/y-gr,95,6,50,20,white,cub,male,T-8,vindelfjallen,95
5/28/16,p-o/y-gr,95,6,50,20,white,cub,male,T-8,vindelfjallen,95
5/29/16,p-o/y-gr,95,6,50,29,white,cub,male,T-8,vindelfjallen,95
5/30/16,p-o/y-gr,95,6,50,15,white,cub,male,T-8,vindelfjallen,95
6/7/16,Nv4,95,6,50,0,blue,,,nv skaftet,helags,0
5/30/16,gr-r/y-p,95,6,50,15,white,adult,female,T-8,vindelfjallen,95
5/31/16,gr-r/y-p,95,6,50,10,white,adult,female,T-8,vindelfjallen,95
6/1/16,gr-r/y-p,95,6,50,5,white,adult,female,T-8,vindelfjallen,95
6/2/16,gr-r/y-p,95,6,50,5,white,adult,female,T-8,vindelfjallen,95
6/3/16,gr-r/y-p,95,6,50,5,white,adult,female,T-8,vindelfjallen,95
6/5/16,gr-r/y-p,95,6,50,0,white,adult,female,T-8,vindelfjallen,95
6/6/16,gr-r/y-p,95,6,50,0,white,adult,female,T-8,vindelfjallen,95
6/8/16,gr-r/y-p,95,6,50,10,white,adult,female,T-8,vindelfjallen,95
6/9/16,gr-r/y-p,95,6,50,0,white,adult,female,T-8,vindelfjallen,95
6/2/16,Ek2,95,6,50,0,white,,,ekorrd_rren,helags,95
6/6/16,Ek2,95,6,50,0,white,,,ekorrd_rren,helags,95
4/24/16,Ek1,95,6,50,75,white,,,ekorrd_rren,helags,95
5/3/16,Ek1,95,6,50,80,white,,,ekorrd_rren,helags,95
5/4/16,Ek1,95,6,50,80,white,,,ekorrd_rren,helags,95
6/10/16,b-y/gr-o,95,6,50,0,white,cub,female,T-8,vindelfjallen,95
6/11/16,b-y/gr-o,95,6,50,0,white,cub,female,T-8,vindelfjallen,95
6/12/16,b-y/gr-o,95,6,50,0,white,cub,female,T-8,vindelfjallen,95
6/10/16,b-s/r-s,95,6,50,0,white,adult,male,R-5,vindelfjallen,95
5/18/16,a6white2,95,6,50,100,white,,,A-6,vindelfjallen,95
5/19/16,a6white2,95,6,50,100,white,,,A-6,vindelfjallen,95
5/20/16,a6white2,95,6,50,100,white,,,A-6,vindelfjallen,95
5/21/16,a6white2,95,6,50,100,white,,,A-6,vindelfjallen,95
5/22/16,a6white2,95,6,50,100,white,,,A-6,vindelfjallen,95
5/22/16,a6white2,95,6,50,100,white,,,A-6,vindelfjallen,95
5/23/16,a6white2,95,6,50,100,white,,,A-6,vindelfjallen,95
5/25/16,a6white2,95,6,50,100,white,,,A-6,vindelfjallen,95
5/26/16,a6white2,95,6,50,100,white,,,A-6,vindelfjallen,95
5/27/16,a6white2,95,6,50,95,white,,,A-6,vindelfjallen,95
5/28/16,a6white2,95,6,50,95,white,,,A-6,vindelfjallen,95
5/29/16,a6white2,95,6,50,95,white,,,A-6,vindelfjallen,95
5/15/16,a6white1,95,6,50,100,white,,,A-6,vindelfjallen,95
5/17/16,a6white1,95,6,50,100,white,,,A-6,vindelfjallen,95
5/18/16,a6white1,95,6,50,100,white,,,A-6,vindelfjallen,95
5/19/16,a6white1,95,6,50,100,white,,,A-6,vindelfjallen,95
5/20/16,a6white1,95,6,50,100,white,,,A-6,vindelfjallen,95
5/21/16,a6white1,95,6,50,100,white,,,A-6,vindelfjallen,95
5/23/16,a6white1,95,6,50,100,white,,,A-6,vindelfjallen,95
5/26/16,a6white1,95,6,50,100,white,,,A-6,vindelfjallen,95
5/18/16,a6blue1,95,6,50,100,blue,,,A-6,vindelfjallen,0
5/19/16,a6blue1,95,6,50,100,blue,,,A-6,vindelfjallen,0
5/20/16,a6blue1,95,6,50,100,blue,,,A-6,vindelfjallen,0
5/21/16,a6blue1,95,6,50,100,blue,,,A-6,vindelfjallen,0
5/22/16,a6blue1,95,6,50,100,blue,,,A-6,vindelfjallen,0
5/24/16,a6blue1,95,6,50,100,blue,,,A-6,vindelfjallen,0
5/19/16,a16blue1,95,6,50,5,blue,,,A-16,vindelfjallen,0
5/26/16,a16blue1,95,6,50,5,blue,,,A-16,vindelfjallen,0
5/28/16,a16blue1,95,6,50,0,blue,,,A-16,vindelfjallen,0
6/3/16,/p-y,95,6,50,0,white,adult,,T-8,vindelfjallen,95
5/2/16,y-r/p-r,100,7,100,100,blue,,,A-6,vindelfjallen,0
5/4/16,y-r/p-r,100,7,100,100,blue,,,A-6,vindelfjallen,0
5/5/16,y-r/p-r,100,7,100,100,blue,,,A-6,vindelfjallen,0
5/6/16,y-r/p-r,100,7,100,100,blue,,,A-6,vindelfjallen,0
5/7/16,y-r/p-r,100,7,100,100,blue,,,A-6,vindelfjallen,0
5/8/16,y-r/p-r,100,7,100,100,blue,,,A-6,vindelfjallen,0
5/9/16,y-r/p-r,100,7,100,100,blue,,,A-6,vindelfjallen,0
5/10/16,y-r/p-r,100,7,100,100,blue,,,A-6,vindelfjallen,0
5/11/16,y-r/p-r,100,7,100,100,blue,,,A-6,vindelfjallen,0
5/12/16,y-r/p-r,100,7,100,100,blue,,,A-6,vindelfjallen,0
5/13/16,y-r/p-r,100,7,100,100,blue,,,A-6,vindelfjallen,0
5/14/16,y-r/p-r,100,7,100,100,blue,,,A-6,vindelfjallen,0
5/15/16,y-r/p-r,100,7,100,100,blue,,,A-6,vindelfjallen,0
5/17/16,y-r/p-r,100,7,100,100,blue,,,A-6,vindelfjallen,0
5/18/16,y-r/p-r,100,7,100,100,blue,,,A-6,vindelfjallen,0
5/19/16,y-r/p-r,100,7,100,100,blue,,,A-6,vindelfjallen,0
4/30/16,y-p/gr-p,100,7,100,100,blue,,,A-6,vindelfjallen,0
5/7/16,y-p/gr-p,100,7,100,100,blue,,,A-6,vindelfjallen,0
5/9/16,y-p/gr-p,100,7,100,100,blue,,,A-6,vindelfjallen,0
5/10/16,y-p/gr-p,100,7,100,100,blue,,,A-6,vindelfjallen,0
5/11/16,y-p/gr-p,100,7,100,100,blue,,,A-6,vindelfjallen,0
10/10/16,y-gr/y-b,100,7,100,85,white,adult,female,slottet,helags,100
10/12/16,y-gr/y-b,100,7,100,20,white,adult,female,slottet,helags,100
10/15/16,y-gr/y-b,100,7,100,80,white,adult,female,slottet,helags,100
11/15/16,y-gr/y-b,100,7,100,80,white,adult,female,slottet,helags,100
5/4/16,y-gr/p-w,100,7,100,50,blue,adult,female,A-16,vindelfjallen,0
5/4/16,y-gr/p-w,100,7,100,40,blue,adult,female,A-16,vindelfjallen,0
5/16/16,y-gr/p-w,100,7,100,10,blue,adult,female,A-16,vindelfjallen,0
5/19/16,y-gr/p-w,100,7,100,5,blue,adult,female,A-16,vindelfjallen,0
4/22/16,Vs2,100,7,100,100,blue,,,v skaftet,helags,0
4/24/16,Vs2,100,7,100,100,blue,,,v skaftet,helags,0
5/4/16,Vs2,100,7,100,85,blue,,,v skaftet,helags,0
5/9/16,Vs2,100,7,100,60,blue,,,v skaftet,helags,0
5/17/16,Vs2,100,7,100,75,blue,,,v skaftet,helags,0
5/30/16,Vs2,100,7,100,30,blue,,,v skaftet,helags,0
4/22/16,Vs1,100,7,100,100,blue,,,v skaftet,helags,0
4/24/16,Vs1,100,7,100,100,blue,,,v skaftet,helags,0
4/26/16,Vs1,100,7,100,100,blue,,,v skaftet,helags,0
5/4/16,Vs1,100,7,100,85,blue,,,v skaftet,helags,0
5/9/16,Vs1,100,7,100,60,blue,,,v skaftet,helags,0
10/27/15,v-y/b-v,100,7,100,30,blue,cub,female,snuse,helags,0
5/8/16,t8white1,100,7,100,100,white,,,T-8,vindelfjallen,100
5/10/16,t8white1,100,7,100,90,white,,,T-8,vindelfjallen,100
5/16/16,t8white1,100,7,100,50,white,,,T-8,vindelfjallen,100
5/18/16,t8white1,100,7,100,40,white,,,T-8,vindelfjallen,100
5/19/16,t8white1,100,7,100,35,white,,,T-8,vindelfjallen,100
5/22/16,t8white1,100,7,100,30,white,,,T-8,vindelfjallen,100
5/24/16,t8white1,100,7,100,25,white,,,T-8,vindelfjallen,100
5/26/16,t8white1,100,7,100,20,white,,,T-8,vindelfjallen,100
5/27/16,t8white1,100,7,100,20,white,,,T-8,vindelfjallen,100
6/6/16,t8white1,100,7,100,0,white,,,T-8,vindelfjallen,100
5/5/16,t14white3,100,7,100,100,white,,,T-14,vindelfjallen,100
5/11/16,t14white2,100,7,100,90,white,,,T-14,vindelfjallen,100
5/14/16,t14white2,100,7,100,100,white,,,T-14,vindelfjallen,100
5/15/16,t14white2,100,7,100,100,white,,,T-14,vindelfjallen,100
5/17/16,t14white2,100,7,100,100,white,,,T-14,vindelfjallen,100
5/18/16,t14white2,100,7,100,100,white,,,T-14,vindelfjallen,100
5/18/16,t14white2,100,7,100,100,white,,,T-14,vindelfjallen,100
5/19/16,t14white2,100,7,100,100,white,,,T-14,vindelfjallen,100
5/20/16,t14white2,100,7,100,100,white,,,T-14,vindelfjallen,100
10/10/16,t14white2,100,7,100,0,white,adult,,T-14,vindelfjallen,100
10/13/16,t14white2,100,7,100,0,white,adult,,T-14,vindelfjallen,100
10/14/16,t14white2,100,7,100,0,white,adult,,T-14,vindelfjallen,100
10/16/16,t14white2,100,7,100,5,white,adult,,T-14,vindelfjallen,100
10/4/16,t14white1,100,7,100,10,white,adult,,T-14,vindelfjallen,100
10/7/16,t14white1,100,7,100,0,white,adult,,T-14,vindelfjallen,100
10/9/16,t14white1,100,7,100,0,white,adult,,T-14,vindelfjallen,100
10/11/16,t14white1,100,7,100,0,white,adult,,T-14,vindelfjallen,100
10/14/16,t14white1,100,7,100,0,white,adult,,T-14,vindelfjallen,100
10/19/16,t14white1,100,7,100,10,white,adult,,T-14,vindelfjallen,100
10/20/16,t14white1,100,7,100,15,white,adult,,T-14,vindelfjallen,100
10/21/16,t14white1,100,7,100,30,white,adult,,T-14,vindelfjallen,100
10/22/16,t14white1,100,7,100,90,white,adult,,T-14,vindelfjallen,100
10/23/16,t14white1,100,7,100,95,white,adult,,T-14,vindelfjallen,100
10/30/16,t14white1,100,7,100,100,white,adult,,T-14,vindelfjallen,100
10/31/16,t14white1,100,7,100,100,white,adult,,T-14,vindelfjallen,100
11/6/16,t14white1,100,7,100,100,white,adult,,T-14,vindelfjallen,100
11/13/16,t14white1,100,7,100,100,white,adult,,T-14,vindelfjallen,100
5/5/16,t14blue1,100,7,100,100,blue,,,T-14,vindelfjallen,0
5/7/16,t14blue1,100,7,100,100,blue,,,T-14,vindelfjallen,0
5/8/16,t14blue1,100,7,100,100,blue,,,T-14,vindelfjallen,0
5/11/16,t14blue1,100,7,100,100,blue,,,T-14,vindelfjallen,0
10/31/16,t14blue1,100,7,100,100,blue,adult,,T-14,vindelfjallen,0
12/1/16,t14blue1,100,7,100,100,blue,adult,,T-14,vindelfjallen,0
10/26/15,snus2,100,7,100,80,white,adult,male,snuse,helags,100
10/28/15,snus2,100,7,100,0,white,adult,male,snuse,helags,100
4/22/16,snus2,100,7,100,100,white,adult,male,snuse,helags,100
4/24/16,snus2,100,7,100,100,white,adult,male,snuse,helags,100
4/25/16,snus2,100,7,100,100,white,adult,male,snuse,helags,100
4/27/16,snus2,100,7,100,100,white,adult,male,snuse,helags,100
5/1/16,snus2,100,7,100,100,white,adult,male,snuse,helags,100
5/3/16,snus2,100,7,100,90,white,adult,male,snuse,helags,100
5/4/16,snus2,100,7,100,90,white,adult,male,snuse,helags,100
5/5/16,snus2,100,7,100,90,white,adult,male,snuse,helags,100
5/8/16,snus2,100,7,100,80,white,adult,male,snuse,helags,100
5/10/16,snus2,100,7,100,80,white,adult,male,snuse,helags,100
5/11/16,snus2,100,7,100,80,white,adult,male,snuse,helags,100
5/12/16,snus2,100,7,100,80,white,adult,male,snuse,helags,100
5/16/16,snus2,100,7,100,80,white,adult,male,snuse,helags,100
10/26/15,snus1,100,7,100,80,blue,adult,female,snuse,helags,0
4/22/16,snus1,100,7,100,100,blue,adult,female,snuse,helags,0
4/23/16,snus1,100,7,100,100,blue,adult,female,snuse,helags,0
4/24/16,snus1,100,7,100,100,blue,adult,female,snuse,helags,0
4/25/16,snus1,100,7,100,100,blue,adult,female,snuse,helags,0
4/26/16,snus1,100,7,100,100,blue,adult,female,snuse,helags,0
4/29/16,snus1,100,7,100,100,blue,adult,female,snuse,helags,0
5/2/16,snus1,100,7,100,95,blue,adult,female,snuse,helags,0
5/5/16,snus1,100,7,100,90,blue,adult,female,snuse,helags,0
5/6/16,snus1,100,7,100,90,blue,adult,female,snuse,helags,0
5/7/16,snus1,100,7,100,90,blue,adult,female,snuse,helags,0
5/8/16,snus1,100,7,100,80,blue,adult,female,snuse,helags,0
5/9/16,snus1,100,7,100,80,blue,adult,female,snuse,helags,0
5/11/16,snus1,100,7,100,80,blue,adult,female,snuse,helags,0
5/12/16,snus1,100,7,100,80,blue,adult,female,snuse,helags,0
5/27/16,r5white1,100,7,100,0,white,,,R-5,vindelfjallen,100
6/12/16,r5white1,100,7,100,0,white,,,R-5,vindelfjallen,100
6/15/16,r5white1,100,7,100,0,white,,,R-5,vindelfjallen,100
5/3/16,r5blue1,100,7,100,95,blue,,,R-5,vindelfjallen,0
5/6/16,r5blue1,100,7,100,90,blue,,,R-5,vindelfjallen,0
5/18/16,r5blue1,100,7,100,90,blue,,,R-5,vindelfjallen,0
5/23/16,r5blue1,100,7,100,20,blue,,,R-5,vindelfjallen,0
5/24/16,r5blue1,100,7,100,10,blue,,,R-5,vindelfjallen,0
5/25/16,r5blue1,100,7,100,0,blue,,,R-5,vindelfjallen,0
5/26/16,r5blue1,100,7,100,0,blue,,,R-5,vindelfjallen,0
5/29/16,r5blue1,100,7,100,0,blue,,,R-5,vindelfjallen,0
10/2/16,r5blue1,100,7,100,10,blue,adult,,R-5,vindelfjallen,0
10/11/16,r5blue1,100,7,100,0,blue,adult,,R-5,vindelfjallen,0
10/12/16,r5blue1,100,7,100,0,blue,adult,,R-5,vindelfjallen,0
5/14/16,r3white2,100,7,100,100,white,,,R-3,vindelfjallen,100
5/16/16,r3white2,100,7,100,100,white,,,R-3,vindelfjallen,100
5/18/16,r3white2,100,7,100,100,white,,,R-3,vindelfjallen,100
5/20/16,r3white2,100,7,100,100,white,,,R-3,vindelfjallen,100
5/22/16,r3white2,100,7,100,95,white,,,R-3,vindelfjallen,100
11/28/16,r3white2,100,7,100,100,white,adult,,R-3,vindelfjallen,100
5/3/16,r3white1,100,7,100,100,white,,,R-3,vindelfjallen,100
5/4/16,r3white1,100,7,100,100,white,,,R-3,vindelfjallen,100
5/5/16,r3white1,100,7,100,100,white,,,R-3,vindelfjallen,100
5/6/16,r3white1,100,7,100,100,white,,,R-3,vindelfjallen,100
5/7/16,r3white1,100,7,100,100,white,,,R-3,vindelfjallen,100
5/8/16,r3white1,100,7,100,100,white,,,R-3,vindelfjallen,100
5/9/16,r3white1,100,7,100,100,white,,,R-3,vindelfjallen,100
10/5/16,r3white1,100,7,100,0,white,adult,,R-3,vindelfjallen,100
10/15/16,r3white1,100,7,100,0,white,adult,,R-3,vindelfjallen,100
10/17/16,r3white1,100,7,100,0,white,adult,,R-3,vindelfjallen,100
10/21/16,r3white1,100,7,100,50,white,adult,,R-3,vindelfjallen,100
10/24/16,r3white1,100,7,100,70,white,adult,,R-3,vindelfjallen,100
10/29/16,r3white1,100,7,100,100,white,adult,,R-3,vindelfjallen,100
10/30/16,r3white1,100,7,100,100,white,adult,,R-3,vindelfjallen,100
11/28/16,r3white1,100,7,100,100,white,adult,,R-3,vindelfjallen,100
11/29/16,r3white1,100,7,100,100,white,adult,,R-3,vindelfjallen,100
5/13/16,r3blue1,100,7,100,100,blue,,,R-3,vindelfjallen,0
5/17/16,r3blue1,100,7,100,100,blue,,,R-3,vindelfjallen,0
5/3/16,r11white2,100,7,100,100,white,adult,female,R-11,vindelfjallen,100
5/4/16,r11white2,100,7,100,100,white,adult,female,R-11,vindelfjallen,100
5/5/16,r11white2,100,7,100,100,white,adult,female,R-11,vindelfjallen,100
5/6/16,r11white2,100,7,100,100,white,adult,female,R-11,vindelfjallen,100
5/7/16,r11white2,100,7,100,100,white,adult,female,R-11,vindelfjallen,100
5/8/16,r11white2,100,7,100,100,white,adult,female,R-11,vindelfjallen,100
5/9/16,r11white2,100,7,100,100,white,adult,female,R-11,vindelfjallen,100
5/10/16,r11white2,100,7,100,100,white,adult,female,R-11,vindelfjallen,100
5/11/16,r11white2,100,7,100,100,white,adult,female,R-11,vindelfjallen,100
5/12/16,r11white2,100,7,100,100,white,adult,female,R-11,vindelfjallen,100
5/14/16,r11white2,100,7,100,100,white,adult,female,R-11,vindelfjallen,100
10/16/16,r11white2,100,7,100,0,white,adult,female,R-11,vindelfjallen,100
11/30/16,r11white2,100,7,100,100,white,adult,female,R-11,vindelfjallen,100
5/3/16,r11blue1,100,7,100,100,blue,,,R-11,vindelfjallen,0
5/4/16,r11blue1,100,7,100,100,blue,,,R-11,vindelfjallen,0
5/5/16,r11blue1,100,7,100,100,blue,,,R-11,vindelfjallen,0
5/6/16,r11blue1,100,7,100,100,blue,,,R-11,vindelfjallen,0
5/10/16,r11blue1,100,7,100,100,blue,,,R-11,vindelfjallen,0
5/11/16,r11blue1,100,7,100,100,blue,,,R-11,vindelfjallen,0
5/19/16,r11blue1,100,7,100,100,blue,,,R-11,vindelfjallen,0
5/21/16,r11blue1,100,7,100,100,blue,,,R-11,vindelfjallen,0
5/13/16,r-p/gr-y,100,7,100,90,white,adult,female,T-8,vindelfjallen,100
5/18/16,r-p/gr-y,100,7,100,40,white,adult,female,T-8,vindelfjallen,100
5/19/16,r-p/gr-y,100,7,100,35,white,adult,female,T-8,vindelfjallen,100
5/20/16,r-p/gr-y,100,7,100,30,white,adult,female,T-8,vindelfjallen,100
5/10/16,r-p/b-gr,100,7,100,5,white,cub,female,slottet,helags,100
11/15/15,p-y/y-w,100,7,100,100,blue,adult,female,A-16,vindelfjallen,0
11/18/15,p-y/y-w,100,7,100,100,blue,adult,female,A-16,vindelfjallen,0
11/19/15,p-y/y-w,100,7,100,100,blue,adult,female,A-16,vindelfjallen,0
11/20/15,p-y/y-w,100,7,100,100,blue,adult,female,A-16,vindelfjallen,0
11/22/15,p-y/y-w,100,7,100,100,blue,adult,female,A-16,vindelfjallen,0
11/30/15,p-y/y-w,100,7,100,100,blue,adult,female,A-16,vindelfjallen,0
5/10/16,p-r/gr-r,100,7,100,100,white,,,R-11,vindelfjallen,100
10/20/15,p-r/b-r,100,7,100,0,white,cub,female,v skaftet,helags,100
4/30/16,p-r/b-b,100,7,100,100,blue,cub,female,A-6,vindelfjallen,0
5/2/16,p-r/b-b,100,7,100,100,blue,cub,female,A-6,vindelfjallen,0
5/7/16,p-r/b-b,100,7,100,100,blue,cub,female,A-6,vindelfjallen,0
5/9/16,p-r/b-b,100,7,100,100,blue,cub,female,A-6,vindelfjallen,0
5/10/16,p-r/b-b,100,7,100,100,blue,cub,female,A-6,vindelfjallen,0
5/11/16,p-r/b-b,100,7,100,100,blue,cub,female,A-6,vindelfjallen,0
10/9/16,p-r/b-b,100,7,100,0,blue,adult,female,A-6,vindelfjallen,0
10/10/16,p-r/b-b,100,7,100,0,blue,adult,female,A-6,vindelfjallen,0
10/12/16,p-r/b-b,100,7,100,0,blue,adult,female,A-6,vindelfjallen,0
10/16/16,p-r/b-b,100,7,100,0,blue,adult,female,A-6,vindelfjallen,0
10/17/16,p-r/b-b,100,7,100,0,blue,adult,female,A-6,vindelfjallen,0
10/18/16,p-r/b-b,100,7,100,90,blue,adult,female,A-6,vindelfjallen,0
10/20/16,p-r/b-b,100,7,100,90,blue,adult,female,A-6,vindelfjallen,0
5/14/16,p-o/y-gr,100,7,100,70,white,cub,male,T-8,vindelfjallen,100
5/16/16,p-o/y-gr,100,7,100,50,white,cub,male,T-8,vindelfjallen,100
5/17/16,p-o/y-gr,100,7,100,45,white,cub,male,T-8,vindelfjallen,100
5/18/16,p-o/y-gr,100,7,100,40,white,cub,male,T-8,vindelfjallen,100
5/19/16,p-o/y-gr,100,7,100,35,white,cub,male,T-8,vindelfjallen,100
11/6/16,p-o/y-gr,100,7,100,100,white,adult,male,T-14,vindelfjallen,100
5/7/16,Nv3,100,7,100,0,blue,,,nv skaftet,helags,0
5/25/16,Nv3,100,7,100,0,blue,,,nv skaftet,helags,0
6/5/16,Nv3,100,7,100,0,blue,,,nv skaftet,helags,0
10/28/15,Nv1,100,7,100,0,white,adult,,nv skaftet,helags,100
5/6/16,gr-r/y-p,100,7,100,100,white,adult,female,T-8,vindelfjallen,100
5/10/16,gr-r/y-p,100,7,100,90,white,adult,female,T-8,vindelfjallen,100
5/12/16,gr-r/y-p,100,7,100,85,white,adult,female,T-8,vindelfjallen,100
5/16/16,gr-r/y-p,100,7,100,50,white,adult,female,T-8,vindelfjallen,100
5/17/16,gr-r/y-p,100,7,100,45,white,adult,female,T-8,vindelfjallen,100
5/18/16,gr-r/y-p,100,7,100,40,white,adult,female,T-8,vindelfjallen,100
5/19/16,gr-r/y-p,100,7,100,35,white,adult,female,T-8,vindelfjallen,100
5/21/16,gr-r/y-p,100,7,100,35,white,adult,female,T-8,vindelfjallen,100
5/24/16,gr-r/y-p,100,7,100,25,white,adult,female,T-8,vindelfjallen,100
5/25/16,gr-r/y-p,100,7,100,20,white,adult,female,T-8,vindelfjallen,100
5/26/16,gr-r/y-p,100,7,100,20,white,adult,female,T-8,vindelfjallen,100
5/27/16,gr-r/y-p,100,7,100,20,white,adult,female,T-8,vindelfjallen,100
5/28/16,gr-r/y-p,100,7,100,20,white,adult,female,T-8,vindelfjallen,100
10/3/16,gr-r/y-p,100,7,100,5,white,adult,female,T-8,vindelfjallen,100
10/4/16,gr-r/y-p,100,7,100,5,white,adult,female,T-8,vindelfjallen,100
10/6/16,gr-r/y-p,100,7,100,0,white,adult,female,T-8,vindelfjallen,100
10/7/16,gr-r/y-p,100,7,100,0,white,adult,female,T-8,vindelfjallen,100
10/15/16,gr-r/y-p,100,7,100,0,white,adult,female,T-8,vindelfjallen,100
5/6/16,Ek2,100,7,100,80,white,,,ekorrd_rren,helags,100
5/27/16,Ek2,100,7,100,0,white,,,ekorrd_rren,helags,100
10/22/16,Ek2,100,7,100,0,white,adult,,ekorrd_rren,helags,100
11/16/16,Ek2,100,7,100,95,white,adult,,ekorrd_rren,helags,100
5/11/16,b-y/gr-o,100,7,100,40,white,cub,female,T-8,vindelfjallen,100
5/12/16,b-y/gr-o,100,7,100,100,white,cub,female,T-8,vindelfjallen,100
5/16/16,b-y/gr-o,100,7,100,40,white,cub,female,T-8,vindelfjallen,100
5/18/16,b-y/gr-o,100,7,100,40,white,cub,female,T-8,vindelfjallen,100
5/20/16,b-y/gr-o,100,7,100,90,white,cub,female,T-8,vindelfjallen,100
5/28/16,b-y/gr-o,100,7,100,20,white,cub,female,T-8,vindelfjallen,100
5/29/16,b-y/gr-o,100,7,100,15,white,cub,female,T-8,vindelfjallen,100
5/31/16,b-y/gr-o,100,7,100,10,white,cub,female,T-8,vindelfjallen,100
6/1/16,b-y/gr-o,100,7,100,5,white,cub,female,T-8,vindelfjallen,100
6/2/16,b-y/gr-o,100,7,100,5,white,cub,female,T-8,vindelfjallen,100
6/5/16,b-y/gr-o,100,7,100,0,white,cub,female,T-8,vindelfjallen,100
6/6/16,b-y/gr-o,100,7,100,0,white,cub,female,T-8,vindelfjallen,100
5/4/16,b-s/r-s,100,7,100,95,white,adult,male,R-5,vindelfjallen,100
5/25/16,b-s/r-s,100,7,100,0,white,adult,male,R-5,vindelfjallen,100
5/26/16,b-s/r-s,100,7,100,0,white,adult,male,R-5,vindelfjallen,100
5/27/16,b-s/r-s,100,7,100,0,white,adult,male,R-5,vindelfjallen,100
5/29/16,b-s/r-s,100,7,100,0,white,adult,male,R-5,vindelfjallen,100
5/30/16,b-s/r-s,100,7,100,0,white,adult,male,R-5,vindelfjallen,100
5/31/16,b-s/r-s,100,7,100,0,white,adult,male,R-5,vindelfjallen,100
6/5/16,b-s/r-s,100,7,100,0,white,adult,male,R-5,vindelfjallen,100
6/6/16,b-s/r-s,100,7,100,0,white,adult,male,R-5,vindelfjallen,100
10/13/16,b-s/r-s,100,7,100,0,white,adult,male,R-5,vindelfjallen,100
11/23/15,b-r/p-b,100,7,100,50,white,adult,male,A-16,vindelfjallen,100
5/1/16,a6white2,100,7,100,100,white,,,A-6,vindelfjallen,100
5/2/16,a6white2,100,7,100,100,white,,,A-6,vindelfjallen,100
5/3/16,a6white2,100,7,100,100,white,,,A-6,vindelfjallen,100
5/4/16,a6white2,100,7,100,100,white,,,A-6,vindelfjallen,100
5/5/16,a6white2,100,7,100,100,white,,,A-6,vindelfjallen,100
5/6/16,a6white2,100,7,100,100,white,,,A-6,vindelfjallen,100
5/7/16,a6white2,100,7,100,100,white,,,A-6,vindelfjallen,100
5/8/16,a6white2,100,7,100,100,white,,,A-6,vindelfjallen,100
5/10/16,a6white2,100,7,100,100,white,,,A-6,vindelfjallen,100
5/12/16,a6white2,100,7,100,100,white,,,A-6,vindelfjallen,100
5/13/16,a6white2,100,7,100,100,white,,,A-6,vindelfjallen,100
5/14/16,a6white2,100,7,100,100,white,,,A-6,vindelfjallen,100
5/16/16,a6white2,100,7,100,100,white,,,A-6,vindelfjallen,100
5/17/16,a6white2,100,7,100,100,white,,,A-6,vindelfjallen,100
4/30/16,a6white1,100,7,100,100,white,,,A-6,vindelfjallen,100
5/2/16,a6white1,100,7,100,100,white,,,A-6,vindelfjallen,100
5/3/16,a6white1,100,7,100,100,white,,,A-6,vindelfjallen,100
5/4/16,a6white1,100,7,100,100,white,,,A-6,vindelfjallen,100
5/5/16,a6white1,100,7,100,100,white,,,A-6,vindelfjallen,100
5/6/16,a6white1,100,7,100,100,white,,,A-6,vindelfjallen,100
5/10/16,a6white1,100,7,100,100,white,,,A-6,vindelfjallen,100
5/11/16,a6white1,100,7,100,100,white,,,A-6,vindelfjallen,100
5/12/16,a6white1,100,7,100,100,white,,,A-6,vindelfjallen,100
5/13/16,a6white1,100,7,100,100,white,,,A-6,vindelfjallen,100
5/14/16,a6white1,100,7,100,100,white,,,A-6,vindelfjallen,100
10/15/16,a6white1,100,7,100,0,white,adult,,A-6,vindelfjallen,100
10/19/16,a6white1,100,7,100,90,white,adult,,A-6,vindelfjallen,100
4/30/16,a6blue1,100,7,100,100,blue,,,A-6,vindelfjallen,0
5/4/16,a6blue1,100,7,100,100,blue,,,A-6,vindelfjallen,0
5/6/16,a6blue1,100,7,100,100,blue,,,A-6,vindelfjallen,0
5/7/16,a6blue1,100,7,100,100,blue,,,A-6,vindelfjallen,0
5/8/16,a6blue1,100,7,100,100,blue,,,A-6,vindelfjallen,0
5/9/16,a6blue1,100,7,100,100,blue,,,A-6,vindelfjallen,0
5/10/16,a6blue1,100,7,100,100,blue,,,A-6,vindelfjallen,0
5/11/16,a6blue1,100,7,100,100,blue,,,A-6,vindelfjallen,0
5/12/16,a6blue1,100,7,100,100,blue,,,A-6,vindelfjallen,0
5/15/16,a6blue1,100,7,100,100,blue,,,A-6,vindelfjallen,0
5/16/16,a6blue1,100,7,100,100,blue,,,A-6,vindelfjallen,0
5/17/16,a6blue1,100,7,100,100,blue,,,A-6,vindelfjallen,0
10/5/16,a6blue1,100,7,100,0,blue,adult,,A-6,vindelfjallen,0
10/8/16,a6blue1,100,7,100,0,blue,adult,,A-6,vindelfjallen,0
10/10/16,a6blue1,100,7,100,0,blue,adult,,A-6,vindelfjallen,0
10/12/16,a6blue1,100,7,100,0,blue,adult,,A-6,vindelfjallen,0
10/14/16,a6blue1,100,7,100,0,blue,adult,,A-6,vindelfjallen,0
10/15/16,a6blue1,100,7,100,0,blue,adult,,A-6,vindelfjallen,0
10/16/16,a6blue1,100,7,100,0,blue,adult,,A-6,vindelfjallen,0
10/17/16,a6blue1,100,7,100,0,blue,adult,,A-6,vindelfjallen,0
10/27/15,a16white1,100,7,100,95,white,adult,,A-16,vindelfjallen,100
10/29/15,a16white1,100,7,100,100,white,adult,,A-16,vindelfjallen,100
11/28/15,a16white1,100,7,100,95,white,adult,,A-16,vindelfjallen,100
10/27/15,a16blue1,100,7,100,95,blue,adult,,A-16,vindelfjallen,0
11/24/15,a16blue1,100,7,100,100,blue,adult,,A-16,vindelfjallen,0
4/30/16,a16blue1,100,7,100,95,blue,,,A-16,vindelfjallen,0
5/2/16,a16blue1,100,7,100,90,blue,,,A-16,vindelfjallen,0
5/6/16,a16blue1,100,7,100,30,blue,,,A-16,vindelfjallen,0
5/16/16,a16blue1,100,7,100,10,blue,,,A-16,vindelfjallen,0
10/8/16,a16blue1,100,7,100,0,blue,adult,,A-16,vindelfjallen,0
10/9/16,a16blue1,100,7,100,0,blue,adult,,A-16,vindelfjallen,0
10/10/16,a16blue1,100,7,100,0,blue,adult,,A-16,vindelfjallen,0
10/11/16,a16blue1,100,7,100,0,blue,adult,,A-16,vindelfjallen,0
10/12/16,a16blue1,100,7,100,0,blue,adult,,A-16,vindelfjallen,0
10/13/16,a16blue1,100,7,100,0,blue,adult,,A-16,vindelfjallen,0
11/19/16,a16blue1,100,7,100,100,blue,adult,,A-16,vindelfjallen,0
11/23/16,a16blue1,100,7,100,100,blue,adult,,A-16,vindelfjallen,0
5/18/16,/p-y,100,7,100,40,white,adult,,T-8,vindelfjallen,100
5/19/16,/p-y,100,7,100,35,white,adult,,T-8,vindelfjallen,100
5/20/16,/p-y,100,7,100,90,white,adult,,T-8,vindelfjallen,100
5/21/16,/p-y,100,7,100,35,white,adult,,T-8,vindelfjallen,100
5/22/16,/p-y,100,7,100,30,white,adult,,T-8,vindelfjallen,100
5/24/16,/p-y,100,7,100,25,white,adult,,T-8,vindelfjallen,100
5/25/16,/p-y,100,7,100,20,white,adult,,T-8,vindelfjallen,100
5/26/16,/p-y,100,7,100,20,white,adult,,T-8,vindelfjallen,100
5/27/16,/p-y,100,7,100,20,white,adult,,T-8,vindelfjallen,100
5/31/16,/p-y,100,7,100,10,white,adult,,T-8,vindelfjallen,100
10/3/16,/p-y,100,7,100,5,white,adult,,T-8,vindelfjallen,100
10/5/16,/p-y,100,7,100,0,white,adult,,T-8,vindelfjallen,100
10/7/16,/p-y,100,7,100,0,white,adult,,T-8,vindelfjallen,100
10/10/16,/p-y,100,7,100,0,white,adult,,T-8,vindelfjallen,100